i	metname	 Estimate((Intercept))	 Std. Error((Intercept))	 t value((Intercept))	 Pr(>|t|)((Intercept))	 Estimate(TIME)	 Std. Error(TIME)	 t value(TIME)	 Pr(>|t|)(TIME)
1	1,2-dioleoyl-GPC (18:1/18:1)*[media]	 0.2041906	 0.2825433	 0.7226877	 0.4758653	 -0.006629564	 0.006992276	 -0.9481268	 0.3511767
2	1,2-dipalmitoyl-GPC (16:0/16:0)[media]	 0.2280367	 0.2814199	 0.8103077	 0.4245971	 -0.007403789	 0.006964473	 -1.06308	 0.2968289
3	1,5-anhydroglucitol (1,5-AG)[media]	 -0.03080305	 0.290648	 -0.1059806	 0.9163812	 0.0009925428	 0.007113901	 0.1395216	 0.8900735
4	1-arachidonoyl-GPC (20:4n6)*[media]	 0.1320234	 0.3679253	 0.358832	 0.7244119	 -0.01164912	 0.02451021	 -0.4752764	 0.6410134
5	1-methylguanidine[media]	 -0.4035011	 0.2690452	 -1.499752	 0.1448709	 0.01310068	 0.006658231	 1.967592	 0.05909232
6	1-methylhistidine[media]	 0.1376884	 0.2850058	 0.4831073	 0.6327758	 -0.004470402	 0.007053217	 -0.6338104	 0.5313486
7	1-methylimidazoleacetate[media]	 -0.3114564	 0.276461	 -1.126584	 0.2694816	 0.01011222	 0.006841752	 1.478016	 0.1505651
8	1-methylnicotinamide[media]	 -0.8954143	 0.1819558	 -4.921053	 3.44156e-05	 0.02907189	 0.004502975	 6.456153	 5.41175e-07
9	1-oleoyl-GPC (18:1)[media]	 1.036261	 0.1279975	 8.095947	 8.16017e-09	 -0.03364484	 0.003167634	 -10.62144	 2.501646e-11
10	1-palmitoleoyl-GPC (16:1)*[media]	 0.8676191	 0.198176	 4.378023	 0.0002396174	 -0.04232289	 0.007260608	 -5.829111	 7.270222e-06
11	1-palmitoyl-2-arachidonoyl-GPC (16:0/20:4)[media]	 0.1194243	 0.2855118	 0.4182816	 0.678932	 -0.003877414	 0.007065739	 -0.5487627	 0.5875179
12	1-palmitoyl-2-linoleoyl-GPC (16:0/18:2)[media]	 0.1463836	 0.2847393	 0.514097	 0.611218	 -0.004752715	 0.007046622	 -0.6744672	 0.5055454
13	1-palmitoyl-2-oleoyl-GPC (16:0/18:1)[media]	 0.257057	 0.2798781	 0.9184604	 0.3662225	 -0.008346006	 0.006926319	 -1.20497	 0.2383008
14	1-palmitoyl-2-palmitoleoyl-GPC (16:0/16:1)*[media]	 0.04310504	 0.286844	 0.1502735	 0.8816262	 -0.001399514	 0.007098708	 -0.1971506	 0.8451339
15	1-palmitoyl-2-stearoyl-GPC (16:0/18:0)[media]	 0.09174634	 0.2905536	 0.3157639	 0.7549113	 -0.003487434	 0.008033826	 -0.4340938	 0.6680979
16	1-palmitoyl-GPA (16:0)[media]	 0.7835721	 0.2113081	 3.708196	 0.0009135642	 -0.02544065	 0.005229375	 -4.864951	 4.012114e-05
17	1-palmitoyl-GPC (16:0)[media]	 0.9907672	 0.1484995	 6.671855	 3.062549e-07	 -0.03216777	 0.00367501	 -8.75311	 1.670162e-09
18	1-stearoyl-2-arachidonoyl-GPC (18:0/20:4)[media]	 0.02365517	 0.2869831	 0.08242705	 0.9348936	 -0.000768025	 0.00710215	 -0.1081398	 0.914656
19	1-stearoyl-2-linoleoyl-GPC (18:0/18:2)*[media]	 -0.05290939	 0.2867431	 -0.1845184	 0.8549367	 0.001717837	 0.007096211	 0.2420781	 0.810484
20	1-stearoyl-2-oleoyl-GPC (18:0/18:1)[media]	 0.1865228	 0.2832932	 0.6584091	 0.5156531	 -0.006055937	 0.007010835	 -0.8637968	 0.395039
21	1-stearoyl-GPC (18:0)[media]	 0.9981852	 0.1454138	 6.864448	 1.849702e-07	 -0.03240861	 0.003598645	 -9.005782	 9.214032e-10
22	2'-deoxycytidine[media]	 1.282555	 0.2124532	 6.036882	 1.045097e-05	 -0.0388653	 0.005385211	 -7.217044	 1.028687e-06
23	2'-deoxyinosine[media]	 0.7664435	 0.2006268	 3.820245	 0.000784973	 -0.02737298	 0.005265894	 -5.198164	 2.233769e-05
24	2'-deoxyuridine[media]	 0.5450836	 0.2532381	 2.152455	 0.04012691	 -0.01769752	 0.006267042	 -2.823903	 0.008641986
25	2-aminoadipate[media]	 0.2993228	 0.2772836	 1.079482	 0.2895841	 -0.009718273	 0.006862111	 -1.416222	 0.1677398
26	2-aminooctanoate[media]	 -0.2655525	 0.4109103	 -0.6462543	 0.5278793	 0.007574485	 0.009404246	 0.8054324	 0.433153
27	2-hydroxybutyrate/2-hydroxyisobutyrate[media]	 -0.4794385	 0.2612734	 -1.835007	 0.07714963	 0.01556619	 0.006465896	 2.407429	 0.02290246
28	2-hydroxyglutarate[media]	 -0.890668	 0.1833822	 -4.856894	 4.101475e-05	 0.02891779	 0.004538274	 6.37198	 6.766527e-07
29	2-hydroxyhippurate (salicylurate)[media]	 -0.03904565	 0.2868797	 -0.1361046	 0.8927124	 0.001267716	 0.007099592	 0.1785618	 0.8595675
30	2-methylbutyrylcarnitine (C5)[media]	 -0.03623954	 0.2869024	 -0.1263131	 0.9003867	 0.001176608	 0.007100152	 0.165716	 0.8695712
31	2-methylbutyrylglycine[media]	 -0.1411845	 0.2849007	 -0.4955568	 0.6240743	 0.004583911	 0.007050614	 0.6501435	 0.5208986
32	2-methylcitrate/homocitrate[media]	 -0.2788314	 0.2785938	 -1.000853	 0.3254694	 0.009052966	 0.006894534	 1.313064	 0.1998212
33	3-(4-hydroxyphenyl)lactate[media]	 -0.3645885	 0.2724383	 -1.338243	 0.1915842	 0.01183729	 0.0067422	 1.755701	 0.09007517
34	3-aminoisobutyrate[media]	 -0.3656157	 0.400276	 -0.9134089	 0.3745868	 0.009851919	 0.008753284	 1.125511	 0.2769728
35	3-hydroxy-3-methylglutarate[media]	 -0.4842454	 0.2607279	 -1.857282	 0.07381868	 0.01572225	 0.006452396	 2.436653	 0.02143682
36	3-hydroxybutyrate (BHBA)[media]	 0.623635	 0.2418392	 2.578718	 0.0154646	 -0.02024789	 0.005984945	 -3.383137	 0.002133249
37	3-hydroxybutyrylcarnitine (2)[media]	 0.1203715	 0.2872495	 0.4190487	 0.6784957	 -0.004097153	 0.007391308	 -0.5543205	 0.5839222
38	3-hydroxyhippurate[media]	 -0.2684348	 0.2792208	 -0.9613713	 0.3445947	 0.008715417	 0.006910051	 1.261267	 0.2176203
39	3-hydroxyisobutyrate[media]	 -0.5459681	 0.253121	 -2.156946	 0.03974296	 0.01772624	 0.006264142	 2.829795	 0.008519732
40	3-indoxyl sulfate[media]	 -0.2762168	 0.2787538	 -0.9908985	 0.3302215	 0.008968076	 0.006898495	 1.300005	 0.2041997
41	3-methyl-2-oxobutyrate[media]	 -0.8612453	 0.1918271	 -4.489695	 0.0001117478	 0.02796251	 0.004747266	 5.890234	 2.459823e-06
42	3-methyl-2-oxovalerate[media]	 -0.8576394	 0.1928177	 -4.447929	 0.0001252003	 0.02784543	 0.00477178	 5.83544	 2.85207e-06
43	3-methylcytidine[media]	 -0.5586987	 0.2653183	 -2.105767	 0.04466337	 0.01753491	 0.006455638	 2.716217	 0.01137796
44	3-methylglutaconate[media]	 -0.3043716	 0.2769456	 -1.09903	 0.2811153	 0.009882195	 0.006853745	 1.441868	 0.1604321
45	3-methylhistidine[media]	 0.08182032	 0.2863253	 0.28576	 0.7771654	 -0.002656504	 0.007085871	 -0.3749016	 0.7105584
46	3-phenylpropionate (hydrocinnamate)[media]	 0.06760708	 0.312392	 0.2164175	 0.8304913	 -0.002063127	 0.007327538	 -0.281558	 0.7806959
47	3-sulfo-L-alanine[media]	 0.009248549	 0.3152054	 0.02934134	 0.976835	 -0.0002939637	 0.00773964	 -0.03798157	 0.9700165
48	3-ureidopropionate[media]	 -0.8111508	 0.2048111	 -3.960482	 0.0004671294	 0.02633607	 0.005068589	 5.195937	 1.623353e-05
49	4-acetamidobutanoate[media]	 -0.2615186	 0.2796239	 -0.9352512	 0.3576554	 0.008490864	 0.006920028	 1.226999	 0.2300406
50	4-ethylphenylsulfate[media]	 -0.6882274	 0.2308188	 -2.981678	 0.005877581	 0.02234505	 0.005712217	 3.911799	 0.0005320541
51	4-guanidinobutanoate[media]	 -0.6886801	 0.2307358	 -2.984713	 0.005833706	 0.02235974	 0.005710162	 3.915781	 0.0005264272
52	4-hydroxyglutamate[media]	 0.005855441	 0.2870394	 0.02039944	 0.9838694	 -0.0001901117	 0.007103542	 -0.02676295	 0.9788386
53	4-hydroxyphenylpyruvate[media]	 -0.03435749	 0.2869166	 -0.1197473	 0.9055384	 0.001115503	 0.007100504	 0.1571019	 0.8762919
54	4-imidazoleacetate[media]	 -0.9209984	 0.1739289	 -5.295257	 1.237754e-05	 0.02990255	 0.004304328	 6.947089	 1.491691e-07
55	4-methyl-2-oxopentanoate[media]	 -0.7960042	 0.2084322	 -3.819007	 0.0006812293	 0.02584429	 0.005158202	 5.010329	 2.696108e-05
56	4-methylcatechol sulfate[media]	 -0.08415246	 0.2862837	 -0.2939478	 0.7709659	 0.002732223	 0.007084842	 0.3856434	 0.7026752
57	4-vinylphenol sulfate[media]	 -0.05178662	 0.2867557	 -0.1805949	 0.8579864	 0.001681384	 0.007096523	 0.2369306	 0.8144355
58	5-(2-Hydroxyethyl)-4-methylthiazole[media]	 -0.917532	 0.1659998	 -5.527308	 7.41355e-06	 0.03037492	 0.004137529	 7.341317	 6.755747e-08
59	5-hydroxyindoleacetate[media]	 -0.48799	 0.2890151	 -1.688459	 0.1032837	 0.01478758	 0.006909911	 2.140053	 0.04190313
60	5-hydroxylysine[media]	 0.4799013	 0.2612212	 1.837145	 0.07682435	 -0.01558121	 0.006464603	 -2.410234	 0.02275788
62	5-methylthioadenosine (MTA)[media]	 -0.9506881	 0.1638149	 -5.80343	 3.109844e-06	 0.0308665	 0.004054029	 7.613784	 2.708221e-08
63	5-methyluridine (ribothymidine)[media]	 -0.9310059	 0.1706223	 -5.456532	 7.974049e-06	 0.03022746	 0.004222496	 7.158672	 8.630318e-08
64	5-oxoproline[media]	 -1.043476	 0.1243424	 -8.39195	 3.965813e-09	 0.03387908	 0.00307718	 11.00978	 1.104466e-11
65	6-oxopiperidine-2-carboxylic acid[media]	 0.05654752	 0.2867004	 0.1972356	 0.845068	 -0.001835958	 0.007095155	 -0.2587623	 0.7977115
66	7-methylguanine[media]	 -0.889927	 0.1836032	 -4.847011	 4.213802e-05	 0.02889373	 0.004543744	 6.359014	 7.003865e-07
67	acetylcarnitine[media]	 -0.1857794	 0.2833233	 -0.6557152	 0.5173595	 0.006031798	 0.007011578	 0.8602626	 0.3969507
68	aconitate [cis or trans][media]	 -0.8852276	 0.1849945	 -4.785158	 4.989996e-05	 0.02874116	 0.004578173	 6.277866	 8.693505e-07
69	adenine[media]	 -0.5290681	 0.2553175	 -2.072197	 0.04757007	 0.01717754	 0.006318502	 2.718609	 0.0111254
70	alanine[media]	 -0.6079677	 0.2442792	 -2.488823	 0.01903259	 0.01973921	 0.00604533	 3.2652	 0.002885629
71	allantoic acid[media]	 -1.02147	 0.1351087	 -7.560356	 3.098861e-08	 0.0331646	 0.003343619	 9.918775	 1.151995e-10
72	allantoin[media]	 -0.3210839	 0.2757831	 -1.164262	 0.2541423	 0.0104248	 0.006824976	 1.527449	 0.1378682
73	alpha-hydroxyisovalerate[media]	 -0.7288115	 0.2230295	 -3.267781	 0.002866718	 0.02366271	 0.005519449	 4.28715	 0.0001937325
74	alpha-ketoglutarate[media]	 -0.9618867	 0.1597458	 -6.02136	 1.727898e-06	 0.03123009	 0.003953328	 7.899696	 1.324926e-08
75	alpha-tocopherol[media]	 0.2938508	 0.2776432	 1.058375	 0.2989299	 -0.009540609	 0.00687101	 -1.388531	 0.1759235
76	anserine[media]	 -0.2363881	 0.3171161	 -0.7454309	 0.4635617	 0.007817068	 0.008129579	 0.9615589	 0.3462721
77	arabitol/xylitol[media]	 0.492508	 0.2597748	 1.895904	 0.06833682	 -0.01599052	 0.006428808	 -2.487323	 0.01909811
78	arabonate/xylonate[media]	 -0.2394659	 0.2808357	 -0.8526905	 0.4010662	 0.007774868	 0.006950016	 1.118683	 0.2727811
79	arachidonate (20:4n6)[media]	 0.9193498	 0.1744643	 5.269559	 1.32769e-05	 -0.02984902	 0.004317576	 -6.913374	 1.628366e-07
80	arginine[media]	 1.010446	 0.1401117	 7.211716	 7.530121e-08	 -0.03280668	 0.003467432	 -9.461378	 3.220518e-10
81	argininosuccinate[media]	 -0.7332783	 0.2382457	 -3.077824	 0.005154345	 0.02291495	 0.005670044	 4.041405	 0.00047454
82	asparagine[media]	 0.202091	 0.2826361	 0.715022	 0.4805153	 -0.006561397	 0.006994572	 -0.9380698	 0.3562304
83	aspartate[media]	 -0.1653458	 0.2841005	 -0.5819976	 0.5652254	 0.005368371	 0.007030813	 0.7635491	 0.4515222
84	behenoyl sphingomyelin (d18:1/22:0)*[media]	 0.2292381	 0.2813599	 0.8147507	 0.4220911	 -0.007442797	 0.006962988	 -1.068908	 0.2942399
85	benzoate[media]	 -0.127945	 0.2852848	 -0.4484817	 0.6572571	 0.004154059	 0.007060121	 0.5883835	 0.5609915
86	beta-alanine[media]	 -0.05394264	 0.2867313	 -0.1881296	 0.8521319	 0.001751384	 0.007095918	 0.2468158	 0.8068515
87	beta-hydroxyisovalerate[media]	 -0.9075936	 0.1782079	 -5.092893	 2.151325e-05	 0.02946733	 0.004410222	 6.681597	 2.98514e-07
88	betaine[media]	 0.2304233	 0.2813003	 0.8191364	 0.4196264	 -0.007481277	 0.006961515	 -1.074662	 0.2916999
89	biotin[media]	 -0.1741628	 0.2837765	 -0.6137321	 0.5443467	 0.005654635	 0.007022794	 0.805183	 0.4274989
90	butyrylcarnitine[media]	 0.4402296	 0.2654815	 1.658231	 0.1084338	 -0.01429317	 0.006570035	 -2.175508	 0.03819052
91	C-glycosyltryptophan[media]	 -0.2224989	 0.2816922	 -0.7898652	 0.436245	 0.00722399	 0.006971213	 1.03626	 0.3089479
92	carboxyethyl-GABA[media]	 -0.2793567	 0.2866413	 -0.9745863	 0.3384169	 0.008863614	 0.00698159	 1.26957	 0.2150721
93	carnitine[media]	 -0.547326	 0.2529406	 -2.163852	 0.03915892	 0.01777032	 0.006259679	 2.838855	 0.008334897
94	carnosine[media]	 0.02457939	 0.2869783	 0.08564893	 0.932355	 -0.0007980321	 0.007102032	 -0.1123667	 0.9113344
95	catechol sulfate[media]	 -0.2236135	 0.281638	 -0.793975	 0.4338878	 0.007260179	 0.00696987	 1.041652	 0.3064842
96	choline[media]	 0.4990889	 0.2590015	 1.926973	 0.06418647	 -0.01620419	 0.006409672	 -2.528083	 0.01738988
97	choline phosphate[media]	 -0.5430068	 0.2535122	 -2.141935	 0.04103932	 0.01763009	 0.006273825	 2.810102	 0.00893487
98	citrate[media]	 -1.032038	 0.1300782	 -7.933978	 1.216931e-08	 0.03350772	 0.003219127	 10.40895	 3.944035e-11
99	citrulline[media]	 -0.2037415	 0.2825632	 -0.7210475	 0.4768581	 0.006614984	 0.006992769	 0.945975	 0.352254
100	creatine[media]	 -0.3548983	 0.2732237	 -1.298929	 0.2045635	 0.01152267	 0.006761638	 1.704124	 0.09943264
101	creatinine[media]	 0.1359983	 0.2850557	 0.4770936	 0.6369983	 -0.004415528	 0.007054451	 -0.6259208	 0.5364362
102	cystathionine[media]	 -0.2206325	 0.2817825	 -0.7829889	 0.4402063	 0.007163394	 0.006973446	 1.027239	 0.3131009
103	cysteine[media]	 -0.9670709	 0.15781	 -6.128073	 1.297529e-06	 0.03139841	 0.003905422	 8.039697	 9.371515e-09
104	cysteine s-sulfate[media]	 0.8523909	 0.1942431	 4.388269	 0.0001472469	 -0.02767503	 0.004807054	 -5.75717	 3.524508e-06
105	cysteine-glutathione disulfide[media]	 0.5198212	 0.2564825	 2.026732	 0.0523088	 -0.01687731	 0.006347331	 -2.658962	 0.01281417
106	cystine[media]	 0.5620011	 0.2509546	 2.239453	 0.03325051	 -0.01824679	 0.006210531	 -2.93804	 0.006544106
107	cytidine[media]	 0.6079012	 0.2303695	 2.63881	 0.01535075	 -0.02589209	 0.006859152	 -3.774824	 0.001111654
108	deoxycarnitine[media]	 -0.05981197	 0.2866597	 -0.2086515	 0.8362308	 0.001941947	 0.007094147	 0.2737393	 0.7862942
109	dihomo-linolenate (20:3n3 or n6)[media]	 0.9340924	 0.1695821	 5.508201	 6.927817e-06	 -0.03032767	 0.004196755	 -7.226459	 7.250487e-08
110	dimethylarginine (SDMA + ADMA)[media]	 -0.8705324	 0.1892326	 -4.600329	 8.2659e-05	 0.02826404	 0.004683058	 6.035381	 1.66399e-06
111	dimethylglycine[media]	 -0.4360189	 0.2791305	 -1.562062	 0.1299197	 0.01368458	 0.006791709	 2.014894	 0.05397311
112	docosahexaenoate (DHA; 22:6n3)[media]	 0.9550215	 0.162258	 5.885819	 2.489305e-06	 -0.03100719	 0.004015501	 -7.721874	 2.064298e-08
113	docosapentaenoate (n3 DPA; 22:5n3)[media]	 0.973571	 0.1553337	 6.267608	 8.934651e-07	 -0.03160945	 0.003844141	 -8.22276	 5.981883e-09
114	docosapentaenoate (n6 DPA; 22:5n6)[media]	 0.4959715	 0.3168729	 1.565206	 0.1359582	 -0.01862343	 0.008894248	 -2.093874	 0.05156738
115	erythritol[media]	 -0.123826	 0.2853965	 -0.4338736	 0.6677051	 0.004020325	 0.007062885	 0.5692185	 0.5737462
116	erythronate*[media]	 -0.41491	 0.2679764	 -1.548308	 0.132778	 0.01347111	 0.00663178	 2.031296	 0.05181503
117	ethylmalonate[media]	 -0.346596	 0.2738781	 -1.265512	 0.2161176	 0.01125312	 0.006777832	 1.660283	 0.1080173
118	folate[media]	 0.03673546	 0.2868985	 0.1280434	 0.8990299	 -0.00119271	 0.007100056	 -0.1679859	 0.8678018
119	formiminoglutamate[media]	 -0.1106072	 0.3791295	 -0.2917399	 0.7747637	 0.00364139	 0.009166305	 0.3972582	 0.6971675
120	fructose[media]	 -0.2520791	 0.2801563	 -0.8997802	 0.3759109	 0.008184387	 0.006933203	 1.180463	 0.2477477
121	fumarate[media]	 -0.934088	 0.1695836	 -5.508126	 6.929226e-06	 0.03032753	 0.004196792	 7.226361	 7.252311e-08
122	galactonate[media]	 0.4379976	 0.3169434	 1.381942	 0.1886432	 -0.01637374	 0.008214995	 -1.993153	 0.06610754
123	gamma-glutamyl-epsilon-lysine[media]	 -0.2316785	 0.2827945	 -0.8192466	 0.4198187	 0.007885769	 0.007276675	 1.083705	 0.2880785
125	gamma-glutamylglutamate[media]	 -0.1676828	 0.2840163	 -0.5903983	 0.5596591	 0.005444245	 0.007028729	 0.7745703	 0.4450855
126	gamma-glutamylglutamine[media]	 -0.7518198	 0.2182842	 -3.444224	 0.001821961	 0.02440973	 0.005402016	 4.518634	 0.0001032784
127	gamma-glutamylglycine[media]	 -0.1738238	 0.2837893	 -0.6125102	 0.5451431	 0.005643631	 0.007023111	 0.80358	 0.4284092
128	gamma-glutamylhistidine[media]	 -0.2170605	 0.2819529	 -0.7698465	 0.4478376	 0.007047418	 0.006977665	 1.009997	 0.3211458
129	gamma-glutamylisoleucine*[media]	 -0.8449313	 0.1962363	 -4.305683	 0.0001842418	 0.02743283	 0.004856382	 5.648821	 4.727613e-06
130	gamma-glutamylleucine[media]	 0.01284062	 0.2870254	 0.04473688	 0.9646346	 -0.0004169032	 0.007103196	 -0.05869234	 0.953614
131	gamma-glutamylmethionine[media]	 -0.9610771	 0.2029108	 -4.736452	 6.738961e-05	 0.02912355	 0.004851287	 6.003262	 2.441357e-06
132	gamma-glutamylphenylalanine[media]	 -0.4760233	 0.261657	 -1.819265	 0.07958077	 0.0154553	 0.006475389	 2.386776	 0.02399295
133	gamma-glutamylthreonine*[media]	 -0.2481202	 0.2803735	 -0.8849632	 0.3837133	 0.008055852	 0.006938578	 1.161023	 0.2554352
134	gamma-glutamylvaline[media]	 -0.1369114	 0.2850288	 -0.4803424	 0.6347156	 0.004445176	 0.007053786	 0.630183	 0.5336845
135	gluconate[media]	 -0.6349424	 0.2400237	 -2.645332	 0.01323227	 0.02061501	 0.005940016	 3.470531	 0.001701881
136	glucose[media]	 0.3544435	 0.27326	 1.297092	 0.2051861	 -0.01150791	 0.006762536	 -1.701715	 0.09988917
137	glucuronate[media]	 -0.4497653	 0.2644971	 -1.700454	 0.1001286	 0.01460277	 0.006545675	 2.230903	 0.03387584
138	glutamate[media]	 -0.9378889	 0.1682891	 -5.573083	 5.80725e-06	 0.03045094	 0.004164755	 7.31158	 5.830367e-08
139	glutamine[media]	 0.8938666	 0.182423	 4.899966	 3.645829e-05	 -0.02902164	 0.004514536	 -6.428488	 5.823653e-07
140	glutarate (pentanedioate)[media]	 -0.3558419	 0.2731483	 -1.302743	 0.2032757	 0.01155331	 0.00675977	 1.709127	 0.09849051
141	glutarylcarnitine (C5)[media]	 0.007552159	 0.3134322	 0.02409503	 0.9809608	 -0.0002288533	 0.007493686	 -0.03053948	 0.97587
142	glycerate[media]	 0.6033248	 0.2449858	 2.462693	 0.02020392	 -0.01958847	 0.006062816	 -3.230919	 0.003148471
143	glycerol[media]	 -0.74226	 0.2202862	 -3.369526	 0.002209308	 0.02409935	 0.00545156	 4.420634	 0.0001348479
144	glycerol 3-phosphate[media]	 -0.5269328	 0.2555888	 -2.061642	 0.0486349	 0.01710821	 0.006325216	 2.704762	 0.01149778
145	glycerophosphoethanolamine[media]	 0.0229947	 0.2869864	 0.08012472	 0.936708	 -0.0007465813	 0.007102232	 -0.1051193	 0.9170306
146	glycerophosphoglycerol[media]	 -0.203511	 0.2825735	 -0.7202056	 0.4773681	 0.0066075	 0.006993022	 0.9448705	 0.3528078
147	glycerophosphoinositol*[media]	 0.09359988	 0.3537237	 0.264613	 0.7943138	 -0.003038957	 0.008753821	 -0.3471578	 0.7324987
148	glycerophosphorylcholine (GPC)[media]	 0.4505012	 0.2644201	 1.703733	 0.09950674	 -0.01462666	 0.006543769	 -2.235204	 0.03355995
149	glycine[media]	 -0.1054159	 0.2858507	 -0.3687795	 0.715066	 0.003422593	 0.007074125	 0.4838186	 0.6322771
150	glycochenodeoxycholate[media]	 -0.2937903	 0.2776471	 -1.058143	 0.2990342	 0.009538645	 0.006871107	 1.388225	 0.1760156
151	glycocholate[media]	 0.1426795	 0.2848549	 0.5008849	 0.6203671	 -0.004632451	 0.007049481	 -0.6571336	 0.5164606
152	glycylleucine[media]	 1.077602	 0.1049357	 10.26916	 5.33757e-11	 -0.03498706	 0.002596909	 -13.47258	 9.263247e-14
153	glycylvaline[media]	 0.4690365	 0.2624315	 1.787272	 0.08472427	 -0.01522846	 0.006494555	 -2.344804	 0.02635661
154	guanidinoacetate[media]	 0.160452	 0.284273	 0.5644294	 0.5769559	 -0.005209482	 0.007035081	 -0.7405006	 0.465161
155	guanine[media]	 0.5662956	 0.1812284	 3.124762	 0.01078621	 -0.03061058	 0.005512054	 -5.553388	 0.0002429497
156	gulonic acid*[media]	 -0.2726036	 0.2789724	 -0.9771707	 0.3368523	 0.008850768	 0.006903904	 1.281995	 0.2103582
157	HEPES[media]	 -0.3301336	 0.2751255	 -1.199938	 0.2402182	 0.01071862	 0.006808702	 1.574254	 0.1266617
158	hexanoylcarnitine[media]	 0.450448	 0.2870979	 1.56897	 0.1316008	 -0.01836933	 0.008644717	 -2.12492	 0.04562878
159	hippurate[media]	 -0.2570227	 0.2798801	 -0.9183315	 0.3662888	 0.008344892	 0.006926367	 1.204801	 0.2383651
160	histidine[media]	 0.7845712	 0.2110801	 3.716935	 0.0008927287	 -0.02547309	 0.005223732	 -4.876416	 3.888302e-05
161	homoarginine[media]	 0.2486659	 0.2803438	 0.8870036	 0.3826327	 -0.008073569	 0.006937842	 -1.1637	 0.2543664
162	homocitrulline[media]	 -0.03166172	 0.2869357	 -0.1103443	 0.9129234	 0.001027978	 0.007100976	 0.1447657	 0.8859329
163	homostachydrine*[media]	 -0.3468929	 0.273855	 -1.266703	 0.2156975	 0.01126276	 0.00677726	 1.661845	 0.1077011
164	hydroquinone sulfate[media]	 0.7762614	 0.2384237	 3.255807	 0.003779946	 -0.02507586	 0.005833876	 -4.298319	 0.0003183703
165	hypotaurine[media]	 -0.06968505	 0.2865226	 -0.2432096	 0.809616	 0.002262502	 0.007090753	 0.3190777	 0.7520358
166	hypoxanthine[media]	 0.7191572	 0.206602	 3.480883	 0.002357141	 -0.03767014	 0.007624873	 -4.940429	 7.8827e-05
167	imidazole lactate[media]	 -0.1169375	 0.2857746	 -0.4091948	 0.6856246	 0.003871218	 0.007122906	 0.5434886	 0.591253
168	imidazole propionate[media]	 -0.1484758	 0.2846727	 -0.5215665	 0.6060736	 0.004820641	 0.007044974	 0.6842668	 0.4994316
169	indoleacetate[media]	 -0.4658026	 0.3499478	 -1.331063	 0.1989209	 0.01329056	 0.008003916	 1.660508	 0.113226
170	indoleacetylglycine[media]	 -0.1248971	 0.2974456	 -0.4198989	 0.678009	 0.003929346	 0.007161054	 0.5487105	 0.5878856
171	indolelactate[media]	 -0.2910824	 0.2778224	 -1.047728	 0.3037241	 0.009450728	 0.006875444	 1.374563	 0.1801692
172	indolepropionate[media]	 -0.09357029	 0.3009777	 -0.3108877	 0.7585701	 0.003218026	 0.007752153	 0.4151138	 0.6817462
173	inosine[media]	 0.9972002	 0.1458286	 6.838167	 1.980982e-07	 -0.03237663	 0.003608911	 -8.971303	 9.988084e-10
174	isobutyrylcarnitine[media]	 0.03560642	 0.2869072	 0.1241043	 0.9021193	 -0.001156053	 0.007100273	 -0.1628181	 0.8718311
175	isocitrate[media]	 -0.3090463	 0.2766272	 -1.117194	 0.2734062	 0.01003397	 0.006845865	 1.465698	 0.1538712
176	isoleucine[media]	 0.8341481	 0.1990519	 4.190605	 0.0002515623	 -0.02708273	 0.004926063	 -5.497845	 7.125815e-06
177	isovalerate[media]	 -0.9033311	 0.240396	 -3.75768	 0.001087128	 0.02562641	 0.005401816	 4.744037	 9.809181e-05
178	isovalerylglycine[media]	 0.07625059	 0.2864198	 0.2662197	 0.7920207	 -0.002475669	 0.007088209	 -0.3492657	 0.7295029
179	kynurenate[media]	 -0.1258296	 0.2853426	 -0.4409771	 0.6626159	 0.004085376	 0.007061552	 0.5785379	 0.5675259
180	kynurenine[media]	 0.1244001	 0.2853812	 0.4359084	 0.6662456	 -0.004038963	 0.007062506	 -0.5718881	 0.5719609
181	lactate[media]	 -1.051512	 0.1201087	 -8.75467	 1.663998e-09	 0.03414	 0.002972405	 11.48565	 4.157426e-12
182	lactose[media]	 0.6371691	 0.2396607	 2.65863	 0.0128242	 -0.02068731	 0.005931032	 -3.487978	 0.001626514
183	leucine[media]	 0.8866334	 0.1845802	 4.803514	 4.74583e-05	 -0.0287868	 0.00456792	 -6.301948	 8.152928e-07
185	lysine[media]	 1.008052	 0.1411678	 7.140804	 9.036687e-08	 -0.03272895	 0.003493568	 -9.368345	 3.982775e-10
186	malate[media]	 -0.8964671	 0.1816369	 -4.93549	 3.308344e-05	 0.02910608	 0.004495081	 6.475094	 5.146892e-07
187	malonylcarnitine[media]	 -0.07766603	 0.3905629	 -0.1988567	 0.8448798	 0.002444036	 0.009635128	 0.2536589	 0.8029898
188	maltol[media]	 -0.9747945	 0.1548613	 -6.294628	 8.313547e-07	 0.03164917	 0.00383245	 8.258209	 5.486596e-09
189	maltose[media]	 0.7468364	 0.2193333	 3.40503	 0.002016196	 -0.02424794	 0.005427978	 -4.467213	 0.0001188001
190	mannitol/sorbitol[media]	 0.195022	 0.2829412	 0.6892669	 0.4963281	 -0.006331883	 0.007002122	 -0.9042806	 0.3735617
191	mannose[media]	 -0.4867826	 0.2739107	 -1.777158	 0.08681083	 0.01527781	 0.006664705	 2.292346	 0.02990595
192	methionine[media]	 0.974978	 0.1547903	 6.298703	 8.223748e-07	 -0.03165513	 0.003830692	 -8.263555	 5.415624e-09
193	methionine sulfone[media]	 0.04747706	 0.2868016	 0.1655397	 0.8697086	 -0.001541463	 0.007097657	 -0.2171791	 0.8296435
194	methionine sulfoxide[media]	 -0.02197052	 0.2869913	 -0.07655464	 0.9395223	 0.0007133285	 0.007102354	 0.1004355	 0.9207143
195	methylmalonate (MMA)[media]	 -0.09746087	 0.2860241	 -0.3407435	 0.7358402	 0.003164314	 0.007078418	 0.4470369	 0.6582874
196	methylsuccinate[media]	 0.09217152	 0.2861319	 0.3221295	 0.7497474	 -0.002992582	 0.007081085	 -0.4226163	 0.6758032
197	myo-inositol[media]	 -0.1527355	 0.2845342	 -0.5367913	 0.5956518	 0.004958944	 0.007041544	 0.7042409	 0.4870991
198	N-acetylalanine[media]	 -0.8117465	 0.204666	 -3.966201	 0.0004600336	 0.0263554	 0.005064997	 5.203439	 1.590422e-05
199	N-acetylarginine[media]	 -0.285924	 0.2781515	 -1.027944	 0.3127751	 0.009283248	 0.006883589	 1.348606	 0.1882713
200	N-acetylasparagine[media]	 -0.476811	 0.2615688	 -1.822889	 0.07901529	 0.01548088	 0.006473207	 2.391531	 0.02373776
201	N-acetylaspartate (NAA)[media]	 -1.049061	 0.1214189	 -8.640012	 2.185578e-09	 0.03406043	 0.00300483	 11.33523	 5.645396e-12
202	N-acetylglucosamine/N-acetylgalactosamine[media]	 -0.4673663	 0.2626146	 -1.779666	 0.085988	 0.01517423	 0.006499087	 2.334825	 0.0269489
203	N-acetylglutamate[media]	 -0.8465115	 0.1958172	 -4.322968	 0.0001758056	 0.02748414	 0.004846011	 5.671498	 4.445525e-06
204	N-acetylglutamine[media]	 0.6308952	 0.2406788	 2.621316	 0.01400005	 -0.02048361	 0.005956229	 -3.439023	 0.001846651
205	N-acetylglycine[media]	 0.314107	 0.2775917	 1.131543	 0.267777	 -0.01069143	 0.007142799	 -1.496813	 0.1460415
206	N-acetylhistidine[media]	 -0.4128083	 0.3029765	 -1.362509	 0.1868238	 0.01226163	 0.006884645	 1.781012	 0.08872419
207	N-acetylisoleucine[media]	 0.3708083	 0.3177691	 1.166911	 0.2576837	 -0.01431429	 0.009179033	 -1.559455	 0.1353903
208	N-acetylleucine[media]	 0.1907487	 0.2831202	 0.6737373	 0.5060024	 -0.006193138	 0.007006553	 -0.8839066	 0.3842736
209	N-acetylmethionine[media]	 -0.61378	 0.2433841	 -2.521858	 0.01764132	 0.01992792	 0.006023178	 3.30854	 0.002583423
210	N-acetylneuraminate[media]	 -0.2114485	 0.282215	 -0.7492462	 0.4599576	 0.006865211	 0.00698415	 0.9829701	 0.3340401
211	N-acetylphenylalanine[media]	 0.574493	 0.2492098	 2.305258	 0.02877561	 -0.01865237	 0.006167351	 -3.024373	 0.005288215
212	N-acetylserine[media]	 -0.4973203	 0.2592106	 -1.918596	 0.06528336	 0.01614676	 0.006414846	 2.517093	 0.01783601
213	N-acetyltaurine[media]	 -0.4279874	 0.2667092	 -1.604697	 0.119782	 0.01389569	 0.006600418	 2.105275	 0.0443654
214	N-acetylthreonine[media]	 -0.08115244	 0.286337	 -0.2834159	 0.7789431	 0.00263482	 0.00708616	 0.3718261	 0.7128215
215	N-acetyltryptophan[media]	 -0.207353	 0.2824017	 -0.7342483	 0.468902	 0.006732239	 0.006988771	 0.9632937	 0.3436463
216	N-acetylvaline[media]	 0.4173737	 0.4013867	 1.039829	 0.3207356	 -0.01541437	 0.01106588	 -1.392964	 0.1911417
217	N-alpha-acetylornithine[media]	 -0.714322	 0.2296027	 -3.111122	 0.00475875	 0.02411996	 0.005794649	 4.162454	 0.0003492332
218	N-delta-acetylornithine[media]	 0.03178953	 0.2869348	 0.1107901	 0.9125731	 -0.001032128	 0.007100955	 -0.1453506	 0.8854754
219	N-glycolylneuraminate[media]	 -0.3066717	 0.2767896	 -1.10796	 0.2773063	 0.009956873	 0.006849884	 1.453583	 0.1571795
220	N-methylpipecolate[media]	 -0.08715064	 0.2961016	 -0.2943268	 0.7708453	 0.002898121	 0.007495128	 0.3866673	 0.7021491
221	N-methylproline[media]	 0.006695945	 0.2870382	 0.02332771	 0.9815543	 -0.0002174008	 0.007103514	 -0.03060468	 0.9758019
222	N1-methylinosine[media]	 -0.2209748	 0.281766	 -0.7842493	 0.4394786	 0.007174505	 0.006973038	 1.028892	 0.3123368
223	N2,N2-dimethylguanosine[media]	 -0.7111591	 0.2265054	 -3.139701	 0.003964529	 0.02308958	 0.00560547	 4.119116	 0.0003050771
224	N2-acetyllysine/N6-acetyllysine[media]	 -0.7511356	 0.218429	 -3.438809	 0.001847673	 0.02438752	 0.005405598	 4.51153	 0.0001052963
225	N6,N6,N6-trimethyllysine[media]	 -0.05782074	 0.2866848	 -0.2016875	 0.8416192	 0.001877297	 0.007094768	 0.264603	 0.7932534
226	N6-carbamoylthreonyladenosine[media]	 -0.3955464	 0.2697704	 -1.466233	 0.1537264	 0.01284241	 0.006676176	 1.923618	 0.06462378
227	nicotinamide[media]	 0.5331592	 0.2547938	 2.092512	 0.04557844	 -0.01731036	 0.006305542	 -2.745262	 0.01044019
228	nicotinamide riboside[media]	 -0.4433566	 0.2651614	 -1.672025	 0.1056594	 0.01439469	 0.006562114	 2.193606	 0.03672952
229	O-methylcatechol sulfate[media]	 -0.5499703	 0.2525878	 -2.177343	 0.03804008	 0.01785618	 0.006250948	 2.856555	 0.007984664
230	octanoylcarnitine[media]	 -0.3518471	 0.3533975	 -0.9956128	 0.3333995	 0.01103151	 0.008537383	 1.292142	 0.2135977
231	ophthalmate[media]	 0.3221082	 0.2875483	 1.120188	 0.2728748	 -0.01013374	 0.006922775	 -1.463826	 0.1552278
232	ornithine[media]	 -1.06346	 0.1134583	 -9.37313	 3.939387e-10	 0.03452791	 0.002807824	 12.29704	 8.348938e-13
233	orotate[media]	 -1.002574	 0.1435456	 -6.984364	 1.354094e-07	 0.03255112	 0.003552411	 9.163105	 6.389479e-10
234	p-aminobenzoate (PABA)[media]	 0.9006791	 0.17572	 5.125648	 2.173167e-05	 -0.03065692	 0.004521507	 -6.780243	 2.785989e-07
235	p-cresol sulfate[media]	 -0.1696043	 0.2839462	 -0.5973114	 0.5550996	 0.005506633	 0.007026993	 0.78364	 0.4398303
236	palmitoyl dihydrosphingomyelin (d18:0/16:0)*[media]	 0.2080825	 0.3085974	 0.6742847	 0.506318	 -0.006312615	 0.00729566	 -0.8652562	 0.3951256
237	palmitoyl sphingomyelin (d18:1/16:0)[media]	 0.117607	 0.2855582	 0.4118497	 0.6835855	 -0.003818411	 0.007066886	 -0.5403244	 0.5932457
238	pantothenate[media]	 0.1552994	 0.2844488	 0.5459659	 0.5894133	 -0.005042187	 0.007039433	 -0.7162775	 0.4797519
239	penicillin G[media]	 0.1694814	 0.2839507	 0.5968691	 0.5553907	 -0.005502643	 0.007027105	 -0.7830597	 0.4401654
240	phenol red[media]	 0.05015684	 0.2867735	 0.1749005	 0.8624164	 -0.001628469	 0.007096963	 -0.2294599	 0.8201794
241	phenol sulfate[media]	 -0.4306232	 0.2664482	 -1.616161	 0.1172726	 0.01398127	 0.006593961	 2.120315	 0.04297289
242	phenylacetylglycine[media]	 -0.3198713	 0.2758697	 -1.159501	 0.2560445	 0.01038543	 0.006827119	 1.521203	 0.1394229
243	phenylalanine[media]	 1.048668	 0.1216273	 8.621984	 2.281673e-09	 -0.03404768	 0.003009986	 -11.31157	 5.925042e-12
244	phenyllactate (PLA)[media]	 0.3006908	 0.2771926	 1.084772	 0.2872748	 -0.009762688	 0.006859859	 -1.423162	 0.1657368
245	phosphate[media]	 -0.2678719	 0.279254	 -0.9592409	 0.3456479	 0.008697138	 0.006910873	 1.258472	 0.2186139
246	pipecolate[media]	 -0.1804842	 0.2835336	 -0.6365533	 0.5295858	 0.005859878	 0.007016783	 0.8351232	 0.4107178
247	pro-hydroxy-pro[media]	 0.6786923	 0.2325479	 2.918505	 0.006865148	 -0.02203546	 0.005755008	 -3.82892	 0.0006635176
248	proline[media]	 -0.5659849	 0.2504037	 -2.26029	 0.03176983	 0.01837613	 0.006196896	 2.965377	 0.006118647
249	propionylcarnitine[media]	 0.2991521	 0.277295	 1.078823	 0.2898731	 -0.009712729	 0.006862392	 -1.415356	 0.167991
250	pseudouridine[media]	 -0.7906936	 0.2096711	 -3.771114	 0.0007735353	 0.02567187	 0.005188862	 4.947495	 3.201505e-05
251	pyridoxal[media]	 -0.9607981	 0.160148	 -5.99944	 1.83282e-06	 0.03119474	 0.003963281	 7.870938	 1.42304e-08
252	pyridoxamine[media]	 -1.012331	 0.1626014	 -6.225845	 1.37854e-06	 0.0313554	 0.003895513	 8.049105	 1.576856e-08
253	pyridoxate[media]	 -0.4664163	 0.2627184	 -1.775347	 0.08671275	 0.01514339	 0.006501656	 2.329158	 0.0272906
254	pyridoxine (Vitamin B6)[media]	 0.006032507	 0.2870391	 0.02101632	 0.9833817	 -0.0001958606	 0.007103537	 -0.02757227	 0.9781989
255	pyroglutamine*[media]	 -0.8387866	 0.1978501	 -4.239506	 0.0002204087	 0.02723333	 0.00489632	 5.562001	 5.984835e-06
256	pyruvate[media]	 -0.941271	 0.1671243	 -5.63216	 4.946302e-06	 0.03056075	 0.00413593	 7.389087	 4.784358e-08
257	quinolinate[media]	 -0.1352715	 0.285077	 -0.4745086	 0.6388173	 0.004391931	 0.007054977	 0.6225293	 0.5386311
258	retinol (Vitamin A)[media]	 0.06745975	 0.2865553	 0.2354161	 0.8155991	 -0.002190252	 0.007091564	 -0.3088531	 0.7597197
259	ribitol[media]	 0.2692642	 0.2791717	 0.9645112	 0.3430466	 -0.008742344	 0.006908836	 -1.265386	 0.2161622
260	riboflavin (Vitamin B2)[media]	 -0.4414481	 0.2653571	 -1.6636	 0.1073468	 0.01433273	 0.006566957	 2.182553	 0.03761576
261	ribonate[media]	 -0.208756	 0.2823382	 -0.739383	 0.4658285	 0.006777793	 0.006987198	 0.9700301	 0.3403368
262	ribose[media]	 -0.3462212	 0.3068911	 -1.128157	 0.2719782	 0.01181467	 0.007860355	 1.503071	 0.147711
263	S-1-pyrroline-5-carboxylate[media]	 -0.9036116	 0.1794475	 -5.035521	 2.516651e-05	 0.02933804	 0.004440899	 6.606329	 3.638956e-07
264	S-methylcysteine[media]	 0.07472158	 0.2864446	 0.2608588	 0.7961104	 -0.002426025	 0.007088822	 -0.3422325	 0.7347316
265	sedoheptulose[media]	 0.04209046	 0.2868533	 0.1467317	 0.8843952	 -0.001366573	 0.007098937	 -0.192504	 0.8487369
266	serine[media]	 0.9504211	 0.1639101	 5.79843	 3.152183e-06	 -0.03085783	 0.004056385	 -7.607224	 2.753347e-08
267	serotonin[media]	 -0.1223023	 0.373608	 -0.3273547	 0.7471761	 0.0035553	 0.008589257	 0.4139241	 0.68382
268	sphingomyelin (d18:1/15:0, d16:1/17:0)*[media]	 0.4144498	 0.3645088	 1.137009	 0.2713079	 -0.01238136	 0.008615775	 -1.437057	 0.1688523
269	sphingomyelin (d18:1/18:1, d18:2/18:0)[media]	 0.3398267	 0.2910912	 1.167423	 0.2536346	 -0.01057239	 0.00700083	 -1.510162	 0.1430608
270	sphingomyelin (d18:1/24:1, d18:2/24:0)*[media]	 0.01993707	 0.2870005	 0.06946704	 0.9451116	 -0.0006473076	 0.00710258	 -0.09113697	 0.9280326
271	sphingomyelin (d18:2/16:0, d18:1/16:1)*[media]	 0.282308	 0.2783785	 1.014116	 0.3192111	 -0.009165843	 0.006889205	 -1.330464	 0.1941002
272	sphingomyelin (d18:2/24:1, d18:1/24:2)*[media]	 0.3952534	 0.3057563	 1.292707	 0.2095245	 -0.01209959	 0.007173611	 -1.686681	 0.1057954
273	stachydrine[media]	 -0.1509783	 0.2845918	 -0.5305082	 0.5999423	 0.004901893	 0.007042971	 0.6959979	 0.4921674
274	stearoyl sphingomyelin (d18:1/18:0)[media]	 0.3492694	 0.2736692	 1.276246	 0.2123534	 -0.01133991	 0.006772663	 -1.674366	 0.1051947
275	streptomycin[media]	 0.3039296	 0.2769754	 1.097316	 0.2818507	 -0.009867845	 0.006854484	 -1.439619	 0.1610625
276	succinate[media]	 -0.3857764	 0.2706387	 -1.42543	 0.1650864	 0.01252521	 0.006697665	 1.870086	 0.07196079
277	succinylcarnitine[media]	 0.1349454	 0.301653	 0.4473529	 0.6583251	 -0.0041983	 0.007254844	 -0.5786892	 0.5677786
278	sulfate*[media]	 -0.2054667	 0.2824864	 -0.7273505	 0.4730496	 0.006670995	 0.006990868	 0.9542442	 0.3481263
279	taurine[media]	 0.8616025	 0.1917285	 4.493868	 0.0001104852	 -0.02797411	 0.004744825	 -5.895709	 2.423754e-06
280	taurochenodeoxycholate[media]	 -0.08935215	 0.2861869	 -0.3122161	 0.7571896	 0.002901044	 0.007082445	 0.4096105	 0.6852085
281	taurocholate[media]	 -0.130492	 0.2852139	 -0.4575232	 0.6508255	 0.004236752	 0.007058366	 0.6002455	 0.5531703
282	taurodeoxycholate[media]	 -0.4707507	 0.2622427	 -1.795096	 0.08344096	 0.01528412	 0.006489884	 2.355067	 0.02575977
283	taurolithocholate[media]	 -0.09776974	 0.2860177	 -0.3418311	 0.7350304	 0.003174342	 0.007078257	 0.4484638	 0.6572699
284	thiamin (Vitamin B1)[media]	 -0.8186262	 0.2029746	 -4.033147	 0.0003844481	 0.02657877	 0.005023138	 5.291269	 1.251301e-05
285	thioproline[media]	 -0.8357488	 0.1986388	 -4.20738	 0.0002404137	 0.0271347	 0.004915837	 5.519853	 6.71163e-06
286	threonate[media]	 0.1625946	 0.2841981	 0.5721169	 0.571808	 -0.005279044	 0.007033229	 -0.7505862	 0.4591634
287	threonine[media]	 0.9075186	 0.1782314	 5.0918	 2.157762e-05	 -0.02946489	 0.004410803	 -6.680164	 2.996408e-07
288	thymidine[media]	 0.9760242	 0.1543844	 6.322038	 7.728104e-07	 -0.0316891	 0.003820648	 -8.294168	 5.026889e-09
289	tiglylcarnitine[media]	 0.2255331	 0.2993457	 0.7534204	 0.459185	 -0.008646638	 0.008403702	 -1.028908	 0.3147029
290	trans-4-hydroxyproline[media]	 0.3099489	 0.2765651	 1.120709	 0.2719325	 -0.01006328	 0.006844329	 -1.470309	 0.152627
291	trans-urocanate[media]	 0.2032249	 0.2825861	 0.7191611	 0.4780013	 -0.006598212	 0.006993335	 -0.9435001	 0.3534957
292	trigonelline (N'-methylnicotinate)[media]	 -0.1997158	 0.2827399	 -0.7063587	 0.4858018	 0.006484278	 0.00699714	 0.9267041	 0.3619996
293	trimethylamine N-oxide[media]	 -0.2099441	 0.282284	 -0.7437338	 0.4632334	 0.006816368	 0.006985858	 0.9757382	 0.3375494
294	tryptophan[media]	 0.9261189	 0.1722494	 5.376616	 9.914033e-06	 -0.0300688	 0.004262764	 -7.053827	 1.131122e-07
295	tyrosine[media]	 0.7976701	 0.2080404	 3.834208	 0.0006542543	 -0.02589838	 0.005148505	 -5.030272	 2.553033e-05
296	uracil[media]	 1.003783	 0.1430253	 7.01822	 1.240322e-07	 -0.03259036	 0.003539537	 -9.207522	 5.76549e-10
297	urate[media]	 -0.2823936	 0.2783731	 -1.014443	 0.3190577	 0.009168625	 0.006889073	 1.330894	 0.1939606
298	urea[media]	 -1.056068	 0.1176257	 -8.978207	 9.827929e-10	 0.03428793	 0.002910958	 11.77892	 2.307146e-12
299	uridine[media]	 0.6055722	 0.2446447	 2.475313	 0.01963015	 -0.01966144	 0.006054375	 -3.247476	 0.003018774
300	valerylcarnitine[media]	 0.8491767	 0.1951066	 4.352373	 0.0001623234	 -0.02757067	 0.004828424	 -5.710077	 4.004029e-06
301	valine[media]	 0.9799176	 0.1528609	 6.41052	 6.108058e-07	 -0.03181551	 0.003782943	 -8.410253	 3.794192e-09
302	xanthine[media]	 0.2296868	 0.2813374	 0.8164106	 0.4211572	 -0.007457364	 0.006962431	 -1.071086	 0.2932767
303	xanthosine[media]	 -0.1899805	 0.283152	 -0.6709489	 0.5077505	 0.006168199	 0.007007338	 0.8802484	 0.3862178
304	xanthurenate[media]	 -0.008561797	 0.4639134	 -0.01845559	 0.9857274	 0.0004038584	 0.01511833	 0.02671316	 0.9793429
305	X - 11334[media]	 -0.2847971	 0.2782226	 -1.023631	 0.3147728	 0.009246659	 0.006885347	 1.342947	 0.1900746
306	X - 11429[media]	 -0.3618018	 0.2726666	 -1.326902	 0.195261	 0.01174681	 0.006747849	 1.740823	 0.09269465
307	X - 11564[media]	 -0.5120363	 0.2574433	 -1.988929	 0.05656093	 0.01662455	 0.00637111	 2.609366	 0.01439733
308	X - 11612[media]	 -0.4895906	 0.2601135	 -1.882219	 0.07023756	 0.0158958	 0.006437192	 2.469369	 0.01989853
309	X - 11677[media]	 -0.1785268	 0.3248412	 -0.5495817	 0.5881425	 0.005821525	 0.008180901	 0.7115995	 0.4841907
310	X - 11787[media]	 0.01784884	 0.2870089	 0.06218915	 0.950854	 -0.0005795078	 0.007102789	 -0.08158877	 0.9355542
311	X - 11843[media]	 -0.5803365	 0.2508359	 -2.31361	 0.02854087	 0.01869973	 0.00613946	 3.045827	 0.005133601
312	X - 11852[media]	 -0.3950691	 0.2698134	 -1.464231	 0.1542688	 0.01282692	 0.00667724	 1.920991	 0.06496805
313	X - 11979[media]	 -0.4260106	 0.2669036	 -1.596121	 0.1216881	 0.01383151	 0.006605231	 2.094024	 0.04543321
314	X - 12015[media]	 -0.2213058	 0.28175	 -0.7854687	 0.4387752	 0.007185254	 0.006972643	 1.030492	 0.3115988
315	X - 12100[media]	 0.0264918	 0.2869679	 0.09231625	 0.9271041	 -0.0008601233	 0.007101773	 -0.1211139	 0.9044658
316	X - 12206[media]	 -0.03525841	 0.2874988	 -0.1226385	 0.9033364	 0.001192314	 0.007221725	 0.1651009	 0.8701415
317	X - 12216[media]	 -0.0116817	 0.2870284	 -0.04069877	 0.9678249	 0.0003792761	 0.007103271	 0.05339457	 0.9577967
318	X - 12339[media]	 0.09492869	 0.2860765	 0.3318297	 0.742489	 -0.0030821	 0.007079713	 -0.4353425	 0.6666513
319	X - 12425[media]	 0.4180959	 0.2676719	 1.561972	 0.1295276	 -0.01357454	 0.006624243	 -2.049222	 0.04991501
320	X - 12680[media]	 0.6563389	 0.2553965	 2.569882	 0.0182776	 -0.02291977	 0.006581161	 -3.482633	 0.002347616
321	X - 12681[media]	 -0.2117466	 0.2822012	 -0.7503391	 0.4593098	 0.00687489	 0.00698381	 0.984404	 0.3333473
322	X - 12695[media]	 -0.4138187	 0.2680801	 -1.543638	 0.133904	 0.01343567	 0.006634347	 2.025169	 0.05247885
323	X - 12726[media]	 -0.2749706	 0.3098122	 -0.8875396	 0.3843891	 0.008570512	 0.007308776	 1.172633	 0.2534844
324	X - 12748[media]	 -0.92527	 0.1725296	 -5.362962	 1.029007e-05	 0.03004123	 0.004269699	 7.035914	 1.184777e-07
325	X - 13507[media]	 -0.9061893	 0.1786466	 -5.072524	 2.274513e-05	 0.02942173	 0.00442108	 6.654874	 3.202381e-07
326	X - 13529[media]	 -0.2728064	 0.2789602	 -0.9779403	 0.3364782	 0.008857351	 0.006903602	 1.283004	 0.2100093
327	X - 13553[media]	 0.8086473	 0.2054188	 3.936579	 0.0004979712	 -0.02625478	 0.005083627	 -5.164577	 1.768569e-05
328	X - 14056[media]	 -1.00137	 0.1440614	 -6.950998	 1.476616e-07	 0.03251202	 0.003565176	 9.11933	 7.072286e-10
329	X - 14364[media]	 0.7887674	 0.2517196	 3.133516	 0.007327831	 -0.02390204	 0.005606242	 -4.26347	 0.0007873128
330	X - 14568[media]	 0.1121421	 0.2856933	 0.392526	 0.6976418	 -0.003640976	 0.00707023	 -0.5149728	 0.6106138
331	X - 15136[media]	 0.7049092	 0.2277031	 3.095738	 0.004426711	 -0.02288666	 0.005635112	 -4.061439	 0.0003563085
332	X - 15245[media]	 -0.9381895	 0.1681861	 -5.578283	 5.725762e-06	 0.0304607	 0.004162206	 7.318403	 5.729607e-08
333	X - 15461[media]	 -0.205061	 0.2943732	 -0.696602	 0.4924787	 0.007190449	 0.007793984	 0.9225639	 0.3650531
334	X - 15497[media]	 -0.6401191	 0.239177	 -2.676341	 0.01229892	 0.02078309	 0.005919062	 3.511213	 0.001531145
335	X - 15666[media]	 0.6340283	 0.2394372	 2.647994	 0.01357805	 -0.02275999	 0.006447436	 -3.530083	 0.001571286
336	X - 16060[media]	 0.8052584	 0.2062355	 3.904557	 0.0005424397	 -0.02614475	 0.005103839	 -5.122566	 1.983724e-05
337	X - 16071[media]	 0.5489668	 0.3735987	 1.469403	 0.1674476	 -0.01795686	 0.009285409	 -1.933879	 0.07706017
338	X - 17010[media]	 -0.1061765	 0.47126	 -0.2253035	 0.8249988	 0.002696547	 0.01001379	 0.2692835	 0.7916396
339	X - 17299[media]	 -0.0737209	 0.2985657	 -0.2469169	 0.8069118	 0.002319309	 0.007188021	 0.3226631	 0.7495309
340	X - 18779[media]	 -0.06865762	 0.2865378	 -0.239611	 0.8123772	 0.002229144	 0.007091131	 0.3143566	 0.7555806
341	X - 18887[media]	 0.06445508	 0.2865978	 0.2248973	 0.8236924	 -0.002092697	 0.007092616	 -0.295053	 0.7701302
342	X - 18889[media]	 -0.7388859	 0.2344226	 -3.15194	 0.00417937	 0.0234154	 0.005672991	 4.127523	 0.0003568568
343	X - 21365[media]	 -0.2010112	 0.2826834	 -0.7110824	 0.4829152	 0.006526338	 0.006995743	 0.9329013	 0.3588463
344	X - 21444[media]	 -0.5093124	 0.2577752	 -1.975801	 0.05810696	 0.01653612	 0.006379324	 2.592143	 0.01498837
345	X - 21796[media]	 -0.2630663	 0.2795347	 -0.9410866	 0.3547094	 0.008541115	 0.006917819	 1.234654	 0.2272206
346	X - 22145[media]	 -0.812654	 0.2635238	 -3.083798	 0.005426684	 0.02294552	 0.005898226	 3.890242	 0.0007879346
347	X - 23369[media]	 -0.1053631	 0.2858519	 -0.3685935	 0.7152031	 0.003420881	 0.007074154	 0.4835745	 0.6324482
348	X - 23481[media]	 -0.06212449	 0.3010453	 -0.2063626	 0.8381152	 0.00204165	 0.007611563	 0.26823	 0.790639
349	X - 23652[media]	 -0.1008439	 0.285952	 -0.3526601	 0.7269842	 0.003274152	 0.007076634	 0.4626709	 0.6471759
350	X - 23737[media]	 -0.5349735	 0.2628317	 -2.035423	 0.05173186	 0.016974	 0.00640167	 2.651495	 0.01324643
351	X - 23739[media]	 -0.373259	 0.4153695	 -0.8986192	 0.3865316	 0.01166434	 0.01002878	 1.163087	 0.2674016
352	X - 24020[media]	 -0.8427617	 0.196809	 -4.282131	 0.0001963851	 0.02736239	 0.004870554	 5.617922	 5.141252e-06
353	X - 24243[media]	 -0.4606694	 0.275541	 -1.671873	 0.1065435	 0.01472459	 0.006748384	 2.181943	 0.03834276
354	X - 24425[media]	 0.4145599	 0.2680097	 1.546809	 0.1331385	 -0.01345974	 0.006632604	 -2.029329	 0.05202725
355	X - 24455[media]	 0.4866345	 0.2604543	 1.868406	 0.07220215	 -0.01579982	 0.006445625	 -2.451247	 0.02073758
356	X - 24456[media]	 -0.09954889	 0.2877657	 -0.3459373	 0.7320709	 0.003388401	 0.007404588	 0.4576083	 0.6508951
357	X - 24512[media]	 -0.562922	 0.2508277	 -2.244257	 0.03290371	 0.01827669	 0.006207391	 2.944343	 0.006443594
358	X - 24513[media]	 0.1954439	 0.3286382	 0.5947083	 0.5576042	 -0.005964249	 0.008006961	 -0.7448831	 0.4635748
359	X - 24608[media]	 0.03325964	 0.2869246	 0.1159177	 0.9085451	 -0.001079859	 0.007100701	 -0.1520777	 0.8802162
360	X - 24678[media]	 -0.6464809	 0.2381228	 -2.714905	 0.01122388	 0.02098964	 0.005892974	 3.561808	 0.00134188
361	X - 24686[media]	 -0.5556625	 0.2518208	 -2.206579	 0.03571335	 0.01804099	 0.006231967	 2.894911	 0.007272791
362	X - 24803[media]	 0.09266739	 0.2861221	 0.3238736	 0.7484406	 -0.003008681	 0.007080841	 -0.4249045	 0.6741539
363	X - 24804[media]	 0.2336931	 0.2811345	 0.8312503	 0.4128651	 -0.007587439	 0.00695741	 -1.090555	 0.2847651
364	X - 24806[media]	 0.0966559	 0.2860409	 0.3379093	 0.737952	 -0.003138179	 0.007078833	 -0.4433186	 0.6609419
365	X - 24812[media]	 -0.08918753	 0.3733964	 -0.2388548	 0.8135337	 0.002507718	 0.008623321	 0.2908065	 0.774052
366	X - 24831[media]	 0.9488865	 0.1644557	 5.76986	 3.405494e-06	 -0.030808	 0.004069888	 -7.569742	 3.026292e-08
367	X - 24832[media]	 0.7906402	 0.2096835	 3.770637	 0.0007745137	 -0.02567014	 0.005189168	 -4.94687	 3.20699e-05
368	X - 24858[media]	 -0.6646865	 0.2350215	 -2.828194	 0.008552789	 0.02158073	 0.005816224	 3.710436	 0.000908179
369	1,2-dilinoleoyl-GPC (18:2/18:2) [cell]	 -0.3453664	 0.3445163	 -1.002467	 0.3270173	 0.00968317	 0.007828569	 1.236902	 0.229165
370	1,2-dioleoyl-GPC (18:1/18:1)* [cell]	 -0.5931049	 0.2465151	 -2.405958	 0.02297861	 0.01925665	 0.006100662	 3.156486	 0.003800551
371	1,2-dioleoyl-GPE (18:1/18:1) [cell]	 -0.3855066	 0.2706623	 -1.424308	 0.1654077	 0.01251645	 0.00669825	 1.868615	 0.07217217
372	1,2-dioleoyl-GPI (18:1/18:1) [cell]	 -0.3856097	 0.2706533	 -1.424737	 0.1652849	 0.01251979	 0.006698026	 1.869177	 0.07209138
373	1,2-dipalmitoleoyl-GPC (16:1/16:1)* [cell]	 -0.5962701	 0.2460453	 -2.423416	 0.02208968	 0.01935942	 0.006089035	 3.17939	 0.003587232
374	1,2-dipalmitoyl-GPC (16:0/16:0) [cell]	 -0.5909629	 0.2468311	 -2.394199	 0.02359564	 0.01918711	 0.006108483	 3.141059	 0.003951011
375	1,2-distearoyl-GPC (18:0/18:0) [cell]	 -1.710605	 0.3440249	 -4.972331	 0.0002047665	 0.03563761	 0.006492191	 5.489305	 7.97412e-05
376	1,2-distearoyl-GPG (18:0/18:0) [cell]	 -0.9184158	 0.2092995	 -4.388046	 0.000196907	 0.02789581	 0.004950189	 5.635301	 8.407127e-06
377	1-(1-enyl-oleoyl)-2-oleoyl-GPE (P-18:1/18:1)* [cell]	 -0.651424	 0.3136056	 -2.077208	 0.05424714	 0.02014714	 0.007440136	 2.707899	 0.01551883
378	1-(1-enyl-oleoyl)-GPE (P-18:1)* [cell]	 -1.738303	 0.178048	 -9.763115	 3.83043e-08	 0.03901428	 0.003537299	 11.0294	 6.912229e-09
379	1-(1-enyl-palmitoyl)-2-arachidonoyl-GPC (P-16:0/20:4)* [cell]	 0.009169239	 0.287034	 0.03194478	 0.9747427	 -0.0002977025	 0.00710341	 -0.04190981	 0.966868
380	1-(1-enyl-palmitoyl)-2-arachidonoyl-GPE (P-16:0/20:4)* [cell]	 -0.3199867	 0.2758615	 -1.159954	 0.2558631	 0.01038918	 0.006826916	 1.521797	 0.1392744
381	1-(1-enyl-palmitoyl)-2-linoleoyl-GPC (P-16:0/18:2)* [cell]	 -0.9779903	 0.3582122	 -2.730198	 0.0142468	 0.02477576	 0.007747243	 3.198009	 0.005270083
382	1-(1-enyl-palmitoyl)-2-oleoyl-GPC (P-16:0/18:1)* [cell]	 -0.6394803	 0.239282	 -2.672497	 0.0124112	 0.02076235	 0.00592166	 3.50617	 0.001551373
383	1-(1-enyl-palmitoyl)-2-oleoyl-GPE (P-16:0/18:1)* [cell]	 -0.4603129	 0.2633793	 -1.747719	 0.09147271	 0.01494522	 0.006518011	 2.292912	 0.02957115
384	1-(1-enyl-palmitoyl)-2-palmitoleoyl-GPC (P-16:0/16:1)* [cell]	 -0.8759932	 0.1800654	 -4.864861	 4.379422e-05	 0.02899978	 0.004488114	 6.461461	 6.331465e-07
385	1-(1-enyl-palmitoyl)-2-palmitoyl-GPC (P-16:0/16:0)* [cell]	 -0.6667972	 0.2346537	 -2.841623	 0.008279201	 0.02164926	 0.005807121	 3.728054	 0.0008668892
386	1-(1-enyl-palmitoyl)-GPE (P-16:0)* [cell]	 -0.9065208	 0.1785433	 -5.077317	 2.244902e-05	 0.02943249	 0.004418521	 6.661163	 3.149854e-07
387	1-(1-enyl-stearoyl)-2-arachidonoyl-GPE (P-18:0/20:4)* [cell]	 -0.5465149	 0.2530484	 -2.159725	 0.03950701	 0.01774399	 0.006262347	 2.833441	 0.008444893
388	1-(1-enyl-stearoyl)-2-linoleoyl-GPE (P-18:0/18:2)* [cell]	 -0.722481	 0.3966016	 -1.821679	 0.1018316	 0.02499148	 0.01064256	 2.348259	 0.04342877
389	1-(1-enyl-stearoyl)-2-oleoyl-GPE (P-18:0/18:1) [cell]	 -0.7160489	 0.2341858	 -3.05761	 0.00498657	 0.02271928	 0.005703957	 3.983073	 0.0004628291
390	1-(1-enyl-stearoyl)-GPE (P-18:0)* [cell]	 -0.9908806	 0.148453	 -6.674708	 3.039675e-07	 0.03217145	 0.00367386	 8.756853	 1.655411e-09
391	1-arachidonoyl-GPA (20:4) [cell]	 0.5751053	 0.3047161	 1.887348	 0.0753467	 -0.02211943	 0.008900853	 -2.485091	 0.02300951
392	1-arachidonoyl-GPC (20:4n6)* [cell]	 0.5923923	 0.2466204	 2.402041	 0.02318248	 -0.01923352	 0.006103268	 -3.151347	 0.003850049
393	1-arachidonoyl-GPE (20:4n6)* [cell]	 0.419445	 0.2675421	 1.567772	 0.1281676	 -0.01361835	 0.006621031	 -2.056831	 0.04912724
394	1-arachidonoyl-GPI (20:4)* [cell]	 -1.596228	 0.1846952	 -8.642498	 1.255329e-07	 0.03735016	 0.003765782	 9.918299	 1.745882e-08
395	1-arachidonylglycerol (20:4) [cell]	 0.1228574	 0.3026892	 0.4058865	 0.6885774	 -0.004490404	 0.008206847	 -0.5471533	 0.5895436
396	1-dihomo-linolenylglycerol (20:3) [cell]	 -0.03033445	 0.3084165	 -0.09835546	 0.9224044	 0.0009292829	 0.007381307	 0.1258968	 0.9007821
397	1-docosahexaenoylglycerol (22:6) [cell]	 0.4532778	 0.3576032	 1.267544	 0.2230983	 -0.01527903	 0.009369605	 -1.630701	 0.122478
398	1-lignoceroyl-GPC (24:0) [cell]	 -2.361218	 0.3489968	 -6.765729	 8.217277e-05	 0.04162403	 0.005764445	 7.220821	 4.970122e-05
399	1-linoleoyl-2-arachidonoyl-GPC (18:2/20:4n6)* [cell]	 0.2274589	 0.2814486	 0.8081722	 0.4258049	 -0.00738503	 0.006965184	 -1.060278	 0.298079
400	1-linoleoyl-2-arachidonoyl-GPE (18:2/20:4)* [cell]	 -0.3719327	 0.2718274	 -1.368268	 0.1821085	 0.01207574	 0.006727081	 1.795093	 0.0834414
401	1-linoleoyl-GPC (18:2) [cell]	 -0.6115434	 0.2410925	 -2.536551	 0.01728704	 0.02024516	 0.006009209	 3.369022	 0.002283665
402	1-linoleoyl-GPE (18:2)* [cell]	 0.5622609	 0.50823	 1.106312	 0.294495	 -0.0171247	 0.01293272	 -1.324138	 0.2149244
403	1-linoleoylglycerol (18:2) [cell]	 -0.1443929	 0.3736055	 -0.3864848	 0.704229	 0.004219272	 0.008341108	 0.5058407	 0.6198662
404	1-methylhistidine [cell]	 -0.7272704	 0.2233385	 -3.25636	 0.002951316	 0.02361268	 0.005527097	 4.272166	 0.0002017582
405	1-methylimidazoleacetate [cell]	 0.4069301	 0.3736991	 1.088925	 0.2891349	 -0.01076017	 0.008181032	 -1.315259	 0.2033036
406	1-methylnicotinamide [cell]	 -0.8055097	 0.2061752	 -3.906919	 0.000539031	 0.02615291	 0.005102345	 5.125665	 1.966996e-05
407	1-myristoylglycerol (14:0) [cell]	 -0.3263026	 0.301107	 -1.083677	 0.2897382	 0.01027401	 0.007201951	 1.426559	 0.1671413
408	1-oleoyl-2-linoleoyl-GPC (18:1/18:2)* [cell]	 -0.5732344	 0.2493879	 -2.298565	 0.02920442	 0.01861151	 0.006171758	 3.015592	 0.005404636
409	1-oleoyl-2-linoleoyl-GPE (18:1/18:2)* [cell]	 -0.2544915	 0.2800222	 -0.9088262	 0.3711986	 0.008262712	 0.006929885	 1.19233	 0.243139
410	1-oleoyl-GPC (18:1) [cell]	 -0.8082915	 0.2055048	 -3.9332	 0.00050249	 0.02624323	 0.005085756	 5.160143	 1.790124e-05
411	1-oleoyl-GPE (18:1) [cell]	 -0.3897173	 0.2702914	 -1.441841	 0.1604396	 0.01265316	 0.00668907	 1.891617	 0.06892743
412	1-oleoyl-GPI (18:1)* [cell]	 -1.044959	 0.178187	 -5.864393	 4.760195e-06	 0.03137289	 0.004209814	 7.452322	 1.081537e-07
413	1-oleoyl-GPS (18:1) [cell]	 -1.05885	 0.1279755	 -8.27385	 9.356301e-09	 0.03384453	 0.003134299	 10.79812	 4.185232e-11
414	1-palmitoleoyl-GPC (16:1)* [cell]	 -0.4884792	 0.260242	 -1.877019	 0.07097161	 0.01585971	 0.00644037	 2.462547	 0.02021064
415	1-palmitoyl-2-arachidonoyl-GPC (16:0/20:4) [cell]	 -0.2708625	 0.2790766	 -0.9705667	 0.3400741	 0.008794236	 0.006906483	 1.273331	 0.2133709
416	1-palmitoyl-2-arachidonoyl-GPE (16:0/20:4)* [cell]	 -0.2965062	 0.2774696	 -1.068608	 0.2943729	 0.009626826	 0.006866713	 1.401955	 0.1719177
417	1-palmitoyl-2-arachidonoyl-GPI (16:0/20:4)* [cell]	 -0.2189217	 0.2854105	 -0.7670416	 0.4499663	 0.007194611	 0.007033633	 1.022887	 0.315785
418	1-palmitoyl-2-linoleoyl-GPC (16:0/18:2) [cell]	 -0.6645587	 0.2350437	 -2.827383	 0.008569572	 0.02157658	 0.005816774	 3.709373	 0.0009107318
419	1-palmitoyl-2-linoleoyl-GPE (16:0/18:2) [cell]	 -0.2157697	 0.2820138	 -0.7651034	 0.4506111	 0.007005511	 0.006979172	 1.003774	 0.3240839
420	1-palmitoyl-2-oleoyl-GPC (16:0/18:1) [cell]	 -0.589143	 0.2470984	 -2.384245	 0.02412981	 0.01912802	 0.006115097	 3.127999	 0.004082826
421	1-palmitoyl-2-oleoyl-GPE (16:0/18:1) [cell]	 -0.2589954	 0.2797683	 -0.9257497	 0.3624868	 0.008408941	 0.0069236	 1.214533	 0.2346881
422	1-palmitoyl-2-oleoyl-GPG (16:0/18:1) [cell]	 -0.6759328	 0.2330414	 -2.900484	 0.0071745	 0.02194587	 0.005767221	 3.805276	 0.0007065307
423	1-palmitoyl-2-oleoyl-GPS (16:0/18:1) [cell]	 -0.08637994	 0.286243	 -0.3017714	 0.7650564	 0.002804543	 0.007083833	 0.3959076	 0.695174
424	1-palmitoyl-2-palmitoleoyl-GPC (16:0/16:1)* [cell]	 -0.7834259	 0.2113415	 -3.70692	 0.0009166478	 0.0254359	 0.005230199	 4.863276	 4.03053e-05
425	1-palmitoyl-2-stearoyl-GPC (16:0/18:0) [cell]	 -0.8062329	 0.2060013	 -3.913727	 0.0005293224	 0.02617639	 0.005098043	 5.134596	 1.919564e-05
426	1-palmitoyl-GPC (16:0) [cell]	 -0.8858589	 0.1848086	 -4.793386	 4.879041e-05	 0.02876165	 0.004573574	 6.28866	 8.446852e-07
427	1-palmitoyl-GPE (16:0) [cell]	 -1.081578	 0.1798007	 -6.015427	 3.909678e-06	 0.03158814	 0.004169926	 7.575229	 1.079532e-07
428	1-palmitoylglycerol (16:0) [cell]	 -0.1524945	 0.2845421	 -0.5359296	 0.5962393	 0.004951121	 0.007041741	 0.7031104	 0.4877925
429	1-stearoyl-2-arachidonoyl-GPC (18:0/20:4) [cell]	 -0.3528168	 0.2733894	 -1.290528	 0.2074227	 0.01145509	 0.006765738	 1.693103	 0.101535
430	1-stearoyl-2-arachidonoyl-GPE (18:0/20:4) [cell]	 -0.5991354	 0.245617	 -2.439308	 0.02130805	 0.01945245	 0.006078437	 3.200239	 0.003403071
431	1-stearoyl-2-arachidonoyl-GPI (18:0/20:4) [cell]	 0.1310096	 0.2851993	 0.4593614	 0.6495212	 -0.004253557	 0.007058005	 -0.6026571	 0.551587
432	1-stearoyl-2-arachidonoyl-GPS (18:0/20:4) [cell]	 -0.5888376	 0.2471431	 -2.382577	 0.02422038	 0.0191181	 0.006116205	 3.125811	 0.004105319
433	1-stearoyl-2-linoleoyl-GPC (18:0/18:2)* [cell]	 -0.6394022	 0.2392948	 -2.672027	 0.01242498	 0.02075981	 0.005921978	 3.505554	 0.001553861
434	1-stearoyl-2-linoleoyl-GPE (18:0/18:2)* [cell]	 -0.219314	 0.2818457	 -0.778135	 0.4430155	 0.007120585	 0.006975012	 1.020871	 0.3160557
435	1-stearoyl-2-oleoyl-GPC (18:0/18:1) [cell]	 -0.7275245	 0.2232876	 -3.258239	 0.002937233	 0.02362092	 0.005525838	 4.274632	 0.0002004154
436	1-stearoyl-2-oleoyl-GPE (18:0/18:1) [cell]	 -0.4651357	 0.2628579	 -1.769533	 0.08769657	 0.01510181	 0.006505109	 2.32153	 0.02775681
437	1-stearoyl-2-oleoyl-GPI (18:0/18:1)* [cell]	 -0.6033798	 0.2449775	 -2.463001	 0.02018973	 0.01959025	 0.00606261	 3.231323	 0.00314524
438	1-stearoyl-2-oleoyl-GPS (18:0/18:1) [cell]	 -0.4965462	 0.2593018	 -1.914935	 0.06576776	 0.01612163	 0.006417103	 2.512291	 0.01803425
439	1-stearoyl-GPC (18:0) [cell]	 -1.034642	 0.1288002	 -8.032925	 9.529257e-09	 0.03359227	 0.003187498	 10.53876	 2.984465e-11
440	1-stearoyl-GPE (18:0) [cell]	 -1.079543	 0.103702	 -10.41005	 3.934669e-11	 0.03505009	 0.002566377	 13.65742	 6.640893e-14
441	1-stearoyl-GPG (18:0) [cell]	 -1.80434	 1.537908	 -1.173244	 0.2708124	 0.02953534	 0.02470584	 1.19548	 0.2624476
442	1-stearoyl-GPI (18:0) [cell]	 -0.8583363	 0.192627	 -4.455951	 0.0001224974	 0.02786806	 0.00476706	 5.845964	 2.772116e-06
443	1-stearoyl-GPS (18:0)* [cell]	 -0.9913415	 0.1841517	 -5.383288	 1.387014e-05	 0.03055505	 0.004428862	 6.899074	 3.125706e-07
444	2'-deoxyadenosine [cell]	 -0.4178837	 0.3128082	 -1.33591	 0.1936132	 0.01221089	 0.007344004	 1.662702	 0.108861
445	2'-deoxycytidine [cell]	 -0.1874982	 0.4521935	 -0.4146415	 0.6835896	 0.004840307	 0.009981903	 0.4849082	 0.6339307
446	2-aminoadipate [cell]	 -1.146701	 0.106815	 -10.73539	 1.207866e-10	 0.0348297	 0.002526306	 13.78681	 6.710628e-13
447	2-hydroxyadipate [cell]	 -0.6719388	 0.2739702	 -2.452598	 0.02258023	 0.01986026	 0.006278153	 3.163392	 0.00450374
448	2-hydroxyglutarate [cell]	 -1.064871	 0.1126418	 -9.4536	 3.278089e-10	 0.03457372	 0.002787617	 12.40261	 6.81196e-13
449	2-methylbutyrylcarnitine (C5) [cell]	 -0.9940915	 0.1471275	 -6.756667	 2.45153e-07	 0.0322757	 0.003641056	 8.864378	 1.283975e-09
450	2-methylcitrate/homocitrate [cell]	 -0.6584367	 0.2361005	 -2.788799	 0.00940535	 0.02137782	 0.005842926	 3.658752	 0.001040694
451	2-palmitoyl-GPC (16:0)* [cell]	 -0.5763488	 0.2489463	 -2.315153	 0.02815212	 0.01871262	 0.006160829	 3.037355	 0.005120461
452	2-stearoyl-GPE (18:0)* [cell]	 -1.56314	 0.1504859	 -10.38729	 8.845627e-09	 0.037032	 0.003071646	 12.05608	 9.369318e-10
453	3-(4-hydroxyphenyl)lactate [cell]	 -1.02479	 0.1578378	 -6.492675	 5.839666e-07	 0.03216332	 0.003840458	 8.374865	 5.507985e-09
454	3-hydroxy-3-methylglutarate [cell]	 -0.5174468	 0.2567774	 -2.015157	 0.05357985	 0.01680022	 0.006354631	 2.643776	 0.01328081
455	3-hydroxybutyrylcarnitine (1) [cell]	 -0.4972533	 0.4026715	 -1.234886	 0.2327507	 0.01308561	 0.008924051	 1.466331	 0.159811
456	3-hydroxybutyrylcarnitine (2) [cell]	 -1.640156	 0.3280301	 -5.000017	 0.0001583644	 0.03538408	 0.006366711	 5.55767	 5.481157e-05
457	3-hydroxydecanoate [cell]	 -0.1665104	 0.3481085	 -0.478329	 0.6376032	 0.004977213	 0.008149213	 0.6107599	 0.5482374
458	3-methyl-2-oxobutyrate [cell]	 -1.204578	 0.3876001	 -3.107787	 0.007201756	 0.02666384	 0.007539625	 3.536494	 0.002990967
459	3-methyl-2-oxovalerate [cell]	 -1.116747	 0.1267621	 -8.809783	 5.495013e-09	 0.03391987	 0.002998078	 11.31387	 4.186318e-11
460	3-methylhistidine [cell]	 -1.057892	 0.2163928	 -4.888758	 0.0001019706	 0.02923123	 0.004780762	 6.114346	 7.049892e-06
461	3-phosphoglycerate [cell]	 -0.9562461	 0.1618141	 -5.909537	 2.335018e-06	 0.03104695	 0.004004514	 7.75299	 1.909623e-08
462	3-ureidopropionate [cell]	 -0.9396581	 0.1676813	 -5.603832	 5.341798e-06	 0.03050838	 0.004149715	 7.351922	 5.259696e-08
463	4-acetamidobutanoate [cell]	 -0.7285133	 0.2300822	 -3.166317	 0.004035205	 0.02375587	 0.005675326	 4.185815	 0.0003070427
464	4-guanidinobutanoate [cell]	 -0.9467344	 0.1652164	 -5.730268	 3.79086e-06	 0.03073813	 0.004088714	 7.517799	 3.450837e-08
465	4-hydroxy-nonenal-glutathione [cell]	 -0.1924747	 0.2830484	 -0.6800065	 0.5020844	 0.00624918	 0.007004775	 0.8921314	 0.3799257
466	4-hydroxyglutamate [cell]	 -0.8030182	 0.317563	 -2.528689	 0.02101445	 0.02255669	 0.007245842	 3.113053	 0.006005318
467	4-imidazoleacetate [cell]	 0.03456876	 0.286915	 0.1204843	 0.9049599	 -0.001122362	 0.007100466	 -0.1580689	 0.875537
468	4-methyl-2-oxopentanoate [cell]	 -0.7352664	 0.2660304	 -2.763844	 0.01056727	 0.02172012	 0.006252156	 3.474022	 0.001884245
469	5-aminovalerate [cell]	 0.009080195	 0.3992126	 0.02274526	 0.9820907	 -0.0002641054	 0.009613636	 -0.02747196	 0.9783698
470	5-hydroxyindoleacetate [cell]	 0.03252367	 0.3424978	 0.09496024	 0.9252467	 -0.0009590313	 0.007900584	 -0.1213874	 0.9045382
471	5-methylthioadenosine (MTA) [cell]	 -0.7962335	 0.2083784	 -3.821095	 0.0006774619	 0.02585174	 0.00515687	 5.013068	 2.675997e-05
472	5-oxoproline [cell]	 -0.9467683	 0.1652045	 -5.730888	 3.7845e-06	 0.03073923	 0.004088418	 7.518612	 3.443743e-08
473	5-phosphoribosyl diphosphate (PRPP) [cell]	 -1.31783	 0.1603302	 -8.219478	 7.653887e-08	 0.03467974	 0.003495666	 9.920784	 3.615893e-09
474	6-oxopiperidine-2-carboxylic acid [cell]	 -0.3933301	 0.3420181	 -1.150027	 0.2651833	 0.01256646	 0.008451206	 1.486942	 0.1543375
475	6-phosphogluconate [cell]	 -0.07316399	 0.2864693	 -0.2553991	 0.8002817	 0.002375454	 0.007089434	 0.3350696	 0.7400699
476	acetyl CoA [cell]	 -0.3289833	 0.3618812	 -0.909092	 0.3786862	 0.01024072	 0.008271165	 1.238124	 0.2360313
477	acetylcarnitine [cell]	 -0.9320042	 0.1702869	 -5.47314	 7.621474e-06	 0.03025988	 0.004214197	 7.180461	 8.15983e-08
478	aconitate [cis or trans] [cell]	 -0.9256487	 0.1724047	 -5.369045	 1.012081e-05	 0.03005353	 0.004266607	 7.043894	 1.160561e-07
479	adenine [cell]	 -0.3645228	 0.2724437	 -1.337975	 0.1916704	 0.01183515	 0.006742334	 1.75535	 0.09013634
480	adenosine [cell]	 -0.5813322	 0.248233	 -2.341882	 0.0265288	 0.01887442	 0.006143176	 3.072421	 0.004692281
481	adenosine 3',5'-cyclic monophosphate (cAMP) [cell]	 -0.7613197	 0.2114023	 -3.601284	 0.001257774	 0.02520351	 0.005269183	 4.783191	 5.454575e-05
482	adenosine 5'-diphosphate (ADP) [cell]	 -0.8813585	 0.1861266	 -4.735263	 5.718854e-05	 0.02861554	 0.004606191	 6.212407	 1.035366e-06
483	adenosine 5'-diphosphoribose (ADP-ribose) [cell]	 -0.8455861	 0.1960628	 -4.312832	 0.0001807049	 0.02745409	 0.004852089	 5.658201	 4.608809e-06
484	adenosine 5'-monophosphate (AMP) [cell]	 -0.7060257	 0.2274904	 -3.10354	 0.004341088	 0.02292291	 0.005629847	 4.071676	 0.0003466347
485	AICA ribonucleotide [cell]	 -2.541802	 1.30821	 -1.942961	 0.08068416	 0.04236337	 0.0213801	 1.981439	 0.07569121
486	alanine [cell]	 -0.5820238	 0.2622102	 -2.219684	 0.03502903	 0.01826698	 0.006380011	 2.863158	 0.008013447
487	alanylleucine [cell]	 -0.1995017	 0.327801	 -0.608606	 0.5493129	 0.006355316	 0.008010389	 0.7933841	 0.4364272
488	allantoin [cell]	 -0.9378706	 0.1682954	 -5.572765	 5.81227e-06	 0.03045034	 0.004164911	 7.311163	 5.836586e-08
489	alpha-ketoglutarate [cell]	 -1.044642	 0.123739	 -8.442298	 3.511781e-09	 0.03391694	 0.003062247	 11.07583	 9.628331e-12
490	arabitol/xylitol [cell]	 -0.8182246	 0.2038692	 -4.013479	 0.0004270625	 0.02636502	 0.004989901	 5.283675	 1.422323e-05
491	arabonate/xylonate [cell]	 -0.3759997	 0.3490411	 -1.077236	 0.2973493	 0.01183216	 0.008293801	 1.426627	 0.1729098
492	arachidonate (20:4n6) [cell]	 0.354318	 0.27327	 1.296586	 0.2053581	 -0.01150383	 0.006762783	 -1.70105	 0.1000154
493	arginine [cell]	 -0.5315364	 0.2550022	 -2.084438	 0.04636089	 0.01725767	 0.006310698	 2.73467	 0.01070762
494	argininosuccinate [cell]	 -0.8434258	 0.196634	 -4.289318	 0.000192598	 0.02738395	 0.004866224	 5.627351	 5.011305e-06
495	asparagine [cell]	 -0.6650083	 0.2349655	 -2.830238	 0.008510609	 0.02159118	 0.005814839	 3.713117	 0.0009017735
496	aspartate [cell]	 -0.4761887	 0.2616385	 -1.820026	 0.07946178	 0.01546067	 0.006474931	 2.387774	 0.02393918
497	behenoyl sphingomyelin (d18:1/22:0)* [cell]	 -0.3540029	 0.2732951	 -1.295314	 0.2057903	 0.0114936	 0.006763405	 1.699381	 0.1003329
498	benzoate [cell]	 -0.1835516	 0.2834125	 -0.6476481	 0.5224879	 0.005959467	 0.007013786	 0.849679	 0.4027105
499	beta-guanidinopropanoate [cell]	 -0.8363048	 0.1984949	 -4.213231	 0.0002366414	 0.02715275	 0.004912277	 5.527529	 6.572946e-06
500	betaine [cell]	 -0.8772341	 0.1873205	 -4.683064	 6.595168e-05	 0.02848163	 0.004635738	 6.143925	 1.243575e-06
501	biotin [cell]	 -0.6770393	 0.2328439	 -2.907696	 0.007049145	 0.02198179	 0.005762333	 3.814739	 0.0006889985
502	butyrylcarnitine [cell]	 -1.026024	 0.1329704	 -7.716181	 2.093949e-08	 0.03331247	 0.003290703	 10.12321	 7.339877e-11
503	C-glycosyltryptophan [cell]	 -0.7514567	 0.2441183	 -3.078248	 0.004863164	 0.02302055	 0.005842463	 3.940214	 0.000546284
504	cadaverine [cell]	 0.6845358	 0.3733059	 1.833713	 0.08803948	 -0.03650858	 0.01604226	 -2.275775	 0.03910355
505	carboxyethyl-GABA [cell]	 0.2257859	 0.2815314	 0.8019918	 0.4293121	 -0.00733071	 0.006967233	 -1.052169	 0.3017178
506	carnitine [cell]	 -0.8675784	 0.1900648	 -4.564646	 9.110684e-05	 0.02816813	 0.004703651	 5.988567	 1.887235e-06
507	carnosine [cell]	 -0.5656655	 0.250448	 -2.258614	 0.03188667	 0.01836576	 0.006197994	 2.963179	 0.006151869
508	cholesterol [cell]	 -0.1040214	 0.2858821	 -0.3638612	 0.7186948	 0.003377318	 0.007074902	 0.4773661	 0.6368067
509	choline [cell]	 -0.5529669	 0.2521853	 -2.192701	 0.0368014	 0.01795347	 0.006240987	 2.876704	 0.007602888
510	choline phosphate [cell]	 -0.9054277	 0.1788839	 -5.061538	 2.343859e-05	 0.029397	 0.004426951	 6.640462	 3.326139e-07
511	citrate [cell]	 -0.8979911	 0.1811735	 -4.956525	 3.12343e-05	 0.02915556	 0.004483615	 6.50269	 4.78434e-07
512	coenzyme A [cell]	 -0.9654201	 0.1584301	 -6.093667	 1.422924e-06	 0.03134481	 0.003920768	 7.994559	 1.04755e-08
513	creatine [cell]	 -0.8230071	 0.2018826	 -4.076662	 0.0003420172	 0.02672101	 0.004996115	 5.348358	 1.07082e-05
514	creatine phosphate [cell]	 -0.9755718	 0.1545601	 -6.311924	 7.939098e-07	 0.03167441	 0.003824996	 8.2809	 5.191746e-09
515	creatinine [cell]	 -0.6961384	 0.2293558	 -3.035189	 0.00514809	 0.02260189	 0.005676012	 3.982002	 0.0004409724
516	cysteine [cell]	 -0.7489266	 0.2188948	 -3.4214	 0.001932748	 0.0243158	 0.005417125	 4.488691	 0.0001120536
517	cysteinylglycine [cell]	 -0.9473611	 0.1649954	 -5.741741	 3.674864e-06	 0.03075848	 0.004083245	 7.532852	 3.321906e-08
518	cytidine [cell]	 0.07428004	 0.303343	 0.2448714	 0.8086376	 -0.002360979	 0.007257029	 -0.3253369	 0.7477454
519	cytidine 5'-diphosphocholine [cell]	 -1.525078	 0.2708965	 -5.629744	 8.204074e-05	 0.03305804	 0.00513957	 6.432064	 2.228246e-05
520	cytidine 5'-monophosphate (5'-CMP) [cell]	 -0.6675243	 0.2345266	 -2.846263	 0.008186601	 0.02167287	 0.005803976	 3.734141	 0.0008530528
521	cytidine 5'-monophospho-N-acetylneuraminic acid [cell]	 -0.8335951	 0.2324188	 -3.586608	 0.001486283	 0.02531948	 0.005496988	 4.606064	 0.0001130792
522	cytidine diphosphate [cell]	 -1.029522	 0.131298	 -7.841109	 1.532665e-08	 0.03342604	 0.003249313	 10.28711	 5.133504e-11
523	cytidine triphosphate [cell]	 -1.000952	 0.1442398	 -6.939499	 1.521404e-07	 0.03249845	 0.003569593	 9.104245	 7.324554e-10
524	deoxycarnitine [cell]	 -0.8886561	 0.1839812	 -4.830145	 4.412639e-05	 0.02885247	 0.004553099	 6.336887	 7.428562e-07
525	dihydroxyacetone phosphate (DHAP) [cell]	 -1.029253	 0.1281012	 -8.034686	 1.630928e-08	 0.03327838	 0.003140743	 10.5957	 6.269294e-11
526	dimethylarginine (SDMA + ADMA) [cell]	 -1.234715	 0.268267	 -4.602559	 0.0002210022	 0.03041169	 0.005611839	 5.419203	 3.781731e-05
527	dimethylglycine [cell]	 -0.2617206	 0.3635942	 -0.719815	 0.4834835	 0.009560569	 0.009639459	 0.9918159	 0.3381209
528	docosahexaenoate (DHA; 22:6n3) [cell]	 0.2100206	 0.2822805	 0.744014	 0.4630665	 -0.006818852	 0.006985772	 -0.9761058	 0.3373704
529	docosapentaenoate (n3 DPA; 22:5n3) [cell]	 -0.2082927	 0.3301691	 -0.6308666	 0.5356435	 0.007218062	 0.00853795	 0.8454093	 0.4084031
530	eicosapentaenoate (EPA; 20:5n3) [cell]	 0.470384	 0.2622832	 1.79342	 0.08371435	 -0.01527221	 0.006490885	 -2.35287	 0.02588653
531	ergothioneine [cell]	 -1.043162	 0.1631079	 -6.395535	 8.945552e-07	 0.03195684	 0.003903649	 8.186402	 1.145415e-08
532	erythritol [cell]	 -0.9806216	 0.1525831	 -6.426803	 5.84974e-07	 0.03183836	 0.003776069	 8.431615	 3.603455e-09
533	erythronate* [cell]	 -0.9605792	 0.1602287	 -5.995052	 1.854587e-06	 0.03118764	 0.003965279	 7.865181	 1.443557e-08
534	ethylmalonate [cell]	 -1.125941	 0.1236492	 -9.105933	 1.435877e-09	 0.03449273	 0.002959286	 11.65576	 7.967696e-12
535	flavin adenine dinucleotide (FAD) [cell]	 -0.9654362	 0.158424	 -6.094001	 1.421652e-06	 0.03134533	 0.003920619	 7.994996	 1.046419e-08
536	fructose [cell]	 -0.628533	 0.2410584	 -2.607388	 0.01446407	 0.02040691	 0.005965624	 3.420751	 0.001935993
537	fumarate [cell]	 -1.038877	 0.1266873	 -8.200328	 6.318695e-09	 0.03372978	 0.003135209	 10.75838	 1.871104e-11
538	galactonate [cell]	 -1.287475	 0.1415256	 -9.097117	 6.55995e-09	 0.03568061	 0.003212484	 11.10686	 1.729557e-10
539	gamma-aminobutyrate (GABA) [cell]	 -0.6885436	 0.2307608	 -2.983798	 0.005846909	 0.02235531	 0.005710782	 3.91458	 0.0005281185
540	gamma-carboxyglutamate [cell]	 -0.4852951	 0.2606079	 -1.862165	 0.07310527	 0.01575633	 0.006449426	 2.44306	 0.02112726
541	gamma-glutamyl-epsilon-lysine [cell]	 -0.7902931	 0.2043372	 -3.867593	 0.000627567	 0.02616267	 0.005093086	 5.136899	 2.108509e-05
542	gamma-glutamylcysteine [cell]	 -0.9811442	 0.290212	 -3.380785	 0.003330216	 0.02717851	 0.00661317	 4.109755	 0.0006577899
543	gamma-glutamylglutamate [cell]	 -0.7521008	 0.2182247	 -3.446451	 0.001811485	 0.02441886	 0.005400543	 4.521556	 0.0001024596
544	gamma-glutamylglutamine [cell]	 -0.5155713	 0.2826715	 -1.823924	 0.08064102	 0.01584498	 0.00669273	 2.367492	 0.02631255
545	gamma-glutamylisoleucine* [cell]	 -0.3862065	 0.2977871	 -1.296922	 0.2065006	 0.01190363	 0.007161801	 1.662099	 0.1089827
546	gamma-glutamylleucine [cell]	 -1.062235	 0.2346793	 -4.526325	 0.0002309713	 0.02882032	 0.005156319	 5.589321	 2.169304e-05
547	gamma-glutamylthreonine* [cell]	 -0.7557146	 0.2127123	 -3.552755	 0.001425911	 0.02501795	 0.005301834	 4.718735	 6.486254e-05
548	gamma-glutamylvaline [cell]	 -0.5824859	 0.2716572	 -2.144194	 0.0415384	 0.01784421	 0.00650155	 2.744608	 0.01083673
549	gluconate [cell]	 -0.7673995	 0.2263762	 -3.38993	 0.002240956	 0.02452875	 0.005544269	 4.424163	 0.0001536439
550	glucose [cell]	 0.2295163	 0.2813459	 0.8157797	 0.421512	 -0.007451827	 0.006962643	 -1.070258	 0.2936425
551	glucuronate [cell]	 -1.014746	 0.1381881	 -7.34322	 5.377782e-08	 0.0329463	 0.003419828	 9.633904	 2.178377e-10
552	glutamate [cell]	 -0.9006508	 0.1803601	 -4.993625	 2.822112e-05	 0.02924191	 0.004463485	 6.551363	 4.206773e-07
553	glutamate, gamma-methyl ester [cell]	 -1.032977	 0.1195758	 -8.638683	 2.970444e-09	 0.03516003	 0.003076842	 11.42731	 7.533925e-12
554	glutamine [cell]	 0.2990408	 0.2773024	 1.078392	 0.2900616	 -0.009709115	 0.006862574	 -1.414792	 0.1681549
555	glutarate (pentanedioate) [cell]	 -0.9148032	 0.1759272	 -5.199895	 1.605895e-05	 0.0297014	 0.004353781	 6.821979	 2.066524e-07
556	glutathione, oxidized (GSSG) [cell]	 0.0922914	 0.2861295	 0.3225511	 0.7494314	 -0.002996474	 0.007081026	 -0.4231695	 0.6754043
557	glutathione, reduced (GSH) [cell]	 -0.9674225	 0.1576775	 -6.135452	 1.272126e-06	 0.03140982	 0.003902143	 8.049378	 9.150651e-09
558	glycerate [cell]	 -0.9184478	 0.1747561	 -5.255599	 1.37927e-05	 0.02981973	 0.004324797	 6.895059	 1.707884e-07
559	glycerol [cell]	 -1.017791	 0.2423649	 -4.199416	 0.0005389173	 0.03231083	 0.006173225	 5.234028	 5.610196e-05
560	glycerol 3-phosphate [cell]	 -0.7718297	 0.2139483	 -3.607553	 0.001190468	 0.02505941	 0.005294711	 4.732913	 5.755698e-05
561	glycerophosphoethanolamine [cell]	 -0.9898222	 0.1488864	 -6.648171	 3.259351e-07	 0.03213709	 0.003684585	 8.722038	 1.797949e-09
562	glycerophosphoglycerol [cell]	 -1.086504	 0.09913232	 -10.96014	 1.224891e-11	 0.0352761	 0.002453289	 14.3791	 1.869109e-14
563	glycerophosphoinositol* [cell]	 -0.7400454	 0.2207438	 -3.352509	 0.002308084	 0.02402745	 0.005462883	 4.398309	 0.0001432845
564	glycerophosphorylcholine (GPC) [cell]	 -0.658477	 0.2360936	 -2.789051	 0.009399653	 0.02137912	 0.005842755	 3.659083	 0.00103979
565	glycine [cell]	 -0.8118473	 0.2046414	 -3.96717	 0.000458841	 0.02635868	 0.005064388	 5.204711	 1.584906e-05
566	glycosyl-N-palmitoyl-sphingosine [cell]	 0.1510949	 0.2847261	 0.5306676	 0.5999873	 -0.005002	 0.007096772	 -0.7048275	 0.4869536
567	guanine [cell]	 -0.7725588	 0.2169044	 -3.561748	 0.001658255	 0.0263852	 0.005518928	 4.780856	 8.039019e-05
568	guanosine [cell]	 -0.640226	 0.2391594	 -2.676984	 0.01228022	 0.02078656	 0.005918626	 3.512058	 0.001527784
569	guanosine 5'- monophosphate (5'-GMP) [cell]	 -0.7524304	 0.2629799	 -2.86117	 0.008406891	 0.02222716	 0.006180465	 3.596357	 0.001385483
570	guanosine 5'-diphospho-fucose [cell]	 -1.06516	 0.1244979	 -8.55565	 4.908776e-09	 0.03404622	 0.003049127	 11.16589	 2.033608e-11
571	guanosine 5'-triphosphate [cell]	 -0.6326648	 0.3471218	 -1.822602	 0.08414112	 0.01636202	 0.007348673	 2.226527	 0.03827353
572	gulonic acid* [cell]	 -1.037448	 0.1274051	 -8.142906	 7.271996e-09	 0.03368338	 0.003152974	 10.68305	 2.194617e-11
573	HEPES [cell]	 -0.5994177	 0.2455747	 -2.440878	 0.02123223	 0.01946161	 0.006077389	 3.202298	 0.003385379
574	heptanoate (7:0) [cell]	 0.2606012	 0.2915138	 0.8939583	 0.37987	 -0.00835657	 0.007062252	 -1.183273	 0.2478315
575	hexanoylcarnitine [cell]	 -0.2717791	 0.2804717	 -0.9690073	 0.3411424	 0.009250696	 0.007216904	 1.28181	 0.2108077
576	hippurate [cell]	 -0.4763607	 0.2750375	 -1.731985	 0.09468808	 0.01495072	 0.006692122	 2.234077	 0.03395536
577	histidine [cell]	 -0.7074617	 0.227216	 -3.113608	 0.004232946	 0.02296953	 0.005623056	 4.084884	 0.0003345341
578	homoarginine [cell]	 -0.4250079	 0.2935757	 -1.447694	 0.1601278	 0.0128935	 0.006940528	 1.857712	 0.07502689
579	homostachydrine* [cell]	 -0.8847034	 0.1851485	 -4.778344	 5.083789e-05	 0.02872414	 0.004581987	 6.268926	 8.90329e-07
580	hypotaurine [cell]	 -0.9509462	 0.1637228	 -5.808271	 3.069405e-06	 0.03087488	 0.00405175	 7.620134	 2.665257e-08
581	imidazole lactate [cell]	 -0.8883674	 0.2737759	 -3.244871	 0.00387741	 0.02455823	 0.006128213	 4.007405	 0.0006383212
582	imidazole propionate [cell]	 -0.8407721	 0.2586862	 -3.250163	 0.003400623	 0.0241815	 0.005972019	 4.049133	 0.0004653532
583	inosine [cell]	 -0.3853288	 0.2816634	 -1.368047	 0.183469	 0.01235615	 0.006823615	 1.810792	 0.08220786
584	Isobar: fructose 1,6-diphosphate, glucose 1,6-diphosphate, myo-inositol 1,4 or 1,3-diphosphate [cell]	 -0.3539257	 0.2733013	 -1.295002	 0.2058963	 0.0114911	 0.006763557	 1.698972	 0.1004108
585	isobutyrylcarnitine [cell]	 -0.8982345	 0.1514048	 -5.932668	 4.021751e-06	 0.0319045	 0.003928644	 8.120996	 2.417116e-08
586	isocitrate [cell]	 -0.6290715	 0.2409721	 -2.610557	 0.01435724	 0.0204244	 0.005963486	 3.424909	 0.001915303
587	isoleucine [cell]	 -0.6506133	 0.2374299	 -2.740233	 0.01056636	 0.02112381	 0.005875827	 3.595036	 0.001230162
588	isovalerylcarnitine [cell]	 -0.9804272	 0.1526598	 -6.422299	 5.920067e-07	 0.03183205	 0.003777968	 8.425706	 3.655214e-09
589	kynurenine [cell]	 -0.7406589	 0.2206172	 -3.357213	 0.002280362	 0.02404737	 0.005459752	 4.40448	 0.0001409014
590	lactate [cell]	 -0.8576898	 0.1928039	 -4.448508	 0.0001250031	 0.02784707	 0.004771439	 5.8362	 2.846218e-06
591	lactosyl-N-palmitoyl-sphingosine [cell]	 0.08794359	 0.3061115	 0.2872927	 0.7769981	 -0.003831567	 0.009142943	 -0.4190737	 0.679862
592	laurylcarnitine [cell]	 -0.1955611	 0.3098558	 -0.6311356	 0.5341743	 0.0061266	 0.007379528	 0.8302156	 0.4149517
593	leucine [cell]	 -0.7108765	 0.2265599	 -3.137698	 0.003984544	 0.0230804	 0.005606819	 4.116488	 0.0003072448
594	linoleamide (18:2n6) [cell]	 0.07379305	 0.2864594	 0.2576039	 0.7985965	 -0.002395878	 0.007089188	 -0.3379623	 0.7379125
595	lysine [cell]	 -0.6084301	 0.2442084	 -2.491438	 0.01891888	 0.01975423	 0.006043578	 3.268631	 0.002860518
596	malate [cell]	 -1.057905	 0.1166069	 -9.072403	 7.887729e-10	 0.03434755	 0.002885743	 11.9025	 1.80547e-12
597	malonate [cell]	 -0.4042476	 0.2689764	 -1.502911	 0.1440578	 0.01312492	 0.006656526	 1.971738	 0.0585929
598	malonylcarnitine [cell]	 -0.825322	 0.3744978	 -2.20381	 0.04007202	 0.02048672	 0.007968812	 2.570862	 0.01871133
599	mannitol/sorbitol [cell]	 -1.065203	 0.1124483	 -9.472826	 3.137671e-10	 0.03458452	 0.002782829	 12.42783	 6.489921e-13
600	methionine [cell]	 -0.7954943	 0.2085518	 -3.814372	 0.0006896695	 0.02582774	 0.005161163	 5.004248	 2.741313e-05
601	methionine sulfone [cell]	 -0.8168052	 0.203425	 -4.015264	 0.0004033513	 0.02651965	 0.005034286	 5.267807	 1.334056e-05
602	methionine sulfoxide [cell]	 -0.735009	 0.2217757	 -3.3142	 0.002546279	 0.02386393	 0.005488422	 4.348049	 0.0001642397
603	methylphosphate [cell]	 -1.059265	 0.1158454	 -9.143777	 6.68222e-10	 0.03439171	 0.002866899	 11.99614	 1.501088e-12
604	myo-inositol [cell]	 -0.9491957	 0.164346	 -5.775594	 3.353062e-06	 0.03081804	 0.004067173	 7.577264	 2.969386e-08
605	myristoleoylcarnitine* [cell]	 0.0154208	 0.2919262	 0.05282431	 0.958328	 -0.0006061636	 0.008197587	 -0.07394414	 0.9416942
606	myristoyl sulfate [cell]	 0.0814349	 0.2863321	 0.2844072	 0.7781912	 -0.00264399	 0.007086038	 -0.3731267	 0.7118641
607	myristoylcarnitine [cell]	 -0.09650966	 0.2862726	 -0.337125	 0.7386293	 0.003194954	 0.007135319	 0.4477662	 0.6578941
608	N-acetyl-aspartyl-glutamate (NAAG) [cell]	 -0.6407441	 0.2390741	 -2.680107	 0.01218984	 0.02080338	 0.005916515	 3.516154	 0.001511576
609	N-acetylalanine [cell]	 -1.023811	 0.1340148	 -7.639539	 2.538229e-08	 0.03324063	 0.003316548	 10.02266	 9.155528e-11
610	N-acetylarginine [cell]	 -0.968507	 0.1924474	 -5.03258	 3.827523e-05	 0.02955538	 0.004570139	 6.467063	 1.093106e-06
611	N-acetylasparagine [cell]	 -0.5227397	 0.2779854	 -1.880457	 0.07223589	 0.01711742	 0.006966738	 2.457021	 0.02162028
612	N-acetylaspartate (NAA) [cell]	 -0.9934333	 0.1474005	 -6.739686	 2.56307e-07	 0.03225433	 0.003647813	 8.842101	 1.353207e-09
613	N-acetylglucosamine/N-acetylgalactosamine [cell]	 -0.7325838	 0.2222684	 -3.295942	 0.002667975	 0.02378519	 0.005500616	 4.324096	 0.0001752685
614	N-acetylglucosaminylasparagine  [cell]	 -0.6721878	 0.2454085	 -2.739057	 0.01097901	 0.02148545	 0.006010398	 3.574714	 0.001402297
615	N-acetylglutamate [cell]	 -0.708293	 0.2270567	 -3.119454	 0.004171342	 0.02299653	 0.005619115	 4.092553	 0.0003277002
616	N-acetylglutamine [cell]	 -0.4896515	 0.2601065	 -1.882504	 0.0701975	 0.01589778	 0.006437018	 2.469743	 0.01988154
617	N-acetylhistidine [cell]	 -1.815975	 0.3214766	 -5.648858	 4.625957e-05	 0.03849324	 0.006206865	 6.20172	 1.694537e-05
618	N-acetylmethionine [cell]	 -1.043632	 0.1242616	 -8.398673	 3.901875e-09	 0.03388416	 0.003075179	 11.0186	 1.084379e-11
620	N-acetylneuraminate [cell]	 -0.9086339	 0.1778817	 -5.108078	 2.063853e-05	 0.0295011	 0.00440215	 6.70152	 2.832964e-07
621	N-acetylphenylalanine [cell]	 0.5433279	 0.5698092	 0.953526	 0.3577181	 -0.01257704	 0.01177332	 -1.068266	 0.3048367
622	N-acetylputrescine [cell]	 -0.5939461	 0.2463905	 -2.410588	 0.0227397	 0.01928397	 0.00609758	 3.16256	 0.003742817
623	N-acetylserine [cell]	 -0.8092935	 0.2052623	 -3.942729	 0.0004898505	 0.02627576	 0.005079754	 5.172645	 1.730008e-05
624	N-acetyltaurine [cell]	 -1.002653	 0.1435118	 -6.986552	 1.346432e-07	 0.03255367	 0.003551577	 9.165975	 6.347146e-10
625	N-acetylthreonine [cell]	 -0.9654524	 0.158418	 -6.094335	 1.420377e-06	 0.03134586	 0.003920469	 7.995435	 1.045285e-08
626	N-acetylvaline [cell]	 -2.165174	 0.5014549	 -4.317784	 0.001219176	 0.03986864	 0.008688796	 4.588511	 0.0007794191
627	N-carbamoylaspartate [cell]	 -0.9725077	 0.1557426	 -6.244326	 9.507431e-07	 0.03157493	 0.00385426	 8.192216	 6.445222e-09
628	N-delta-acetylornithine [cell]	 -1.399567	 0.2429827	 -5.759944	 6.599666e-05	 0.035224	 0.005223643	 6.743186	 1.376597e-05
629	N-formylmethionine [cell]	 -0.9661326	 0.1581629	 -6.108466	 1.367552e-06	 0.03136794	 0.003914155	 8.013974	 9.985225e-09
630	N-glycolylneuraminate [cell]	 0.3161704	 0.7614931	 0.4151981	 0.6853242	 -0.006147758	 0.01380076	 -0.4454654	 0.6639135
631	N-methylproline [cell]	 -0.443893	 0.3143709	 -1.412004	 0.1719378	 0.01318494	 0.007327483	 1.799382	 0.08569076
632	N-palmitoyl-sphingosine (d18:1/16:0) [cell]	 -0.5818004	 0.2481655	 -2.344404	 0.02638006	 0.01888962	 0.006141507	 3.075731	 0.004653679
633	N-stearoyltaurine [cell]	 -1.42049	 0.1729495	 -8.213322	 1.131246e-07	 0.03585371	 0.003699165	 9.69238	 8.685154e-09
634	N2-acetyllysine/N6-acetyllysine [cell]	 -0.840898	 0.253439	 -3.317951	 0.002997751	 0.02455894	 0.00587774	 4.178296	 0.0003610361
635	N6,N6,N6-trimethyllysine [cell]	 -0.8004368	 0.2073861	 -3.859645	 0.0006114358	 0.02598821	 0.005132314	 5.063644	 2.330407e-05
636	nicotinamide [cell]	 -0.8039644	 0.2065456	 -3.892431	 0.0005602781	 0.02610274	 0.005111513	 5.106657	 2.071889e-05
637	nicotinamide adenine dinucleotide (NAD+) [cell]	 -0.9818154	 0.1521104	 -6.454622	 5.433752e-07	 0.03187712	 0.003764372	 8.468113	 3.299963e-09
638	nicotinamide adenine dinucleotide reduced (NADH) [cell]	 -0.9103579	 0.177339	 -5.133432	 1.925679e-05	 0.02955708	 0.00438872	 6.734783	 2.596227e-07
639	nicotinamide ribonucleotide (NMN) [cell]	 -0.7904093	 0.209737	 -3.768574	 0.0007787583	 0.02566264	 0.005190492	 4.944163	 3.230812e-05
640	nicotinamide riboside [cell]	 -0.8409165	 0.2249816	 -3.737712	 0.0009230285	 0.02576112	 0.005384467	 4.784339	 5.938337e-05
641	O-methyltyrosine [cell]	 -0.7271331	 0.223366	 -3.255344	 0.002958952	 0.02360822	 0.005527777	 4.270834	 0.0002024874
642	octanoylcarnitine [cell]	 -0.2283704	 0.297691	 -0.7671391	 0.4508024	 0.007414625	 0.007167641	 1.034458	 0.311677
643	oleamide [cell]	 -0.1137219	 0.2856549	 -0.3981095	 0.6935688	 0.00369227	 0.00706928	 0.5222979	 0.605571
644	oleoylcarnitine [cell]	 0.2495226	 0.2801653	 0.8906262	 0.3809976	 -0.00826045	 0.006983095	 -1.182921	 0.2471524
645	ophthalmate [cell]	 -0.3127888	 0.3238976	 -0.9657028	 0.3446894	 0.01000924	 0.00810631	 1.234747	 0.2299507
646	ornithine [cell]	 -0.9179347	 0.1749217	 -5.247689	 1.409382e-05	 0.02980307	 0.004328896	 6.884682	 1.754679e-07
647	orotate [cell]	 -0.9521175	 0.1633038	 -5.830345	 2.891606e-06	 0.0309129	 0.004041381	 7.649095	 2.477959e-08
648	orotidine [cell]	 -1.09099	 0.09605582	 -11.35788	 5.390299e-12	 0.03542176	 0.002377153	 14.90091	 7.70216e-15
649	palmitic amide [cell]	 -0.05927379	 0.2866666	 -0.2067691	 0.8376865	 0.001924474	 0.007094317	 0.2712698	 0.7881735
650	palmitoleoylcarnitine* [cell]	 0.3274875	 0.2743471	 1.193698	 0.2433745	 -0.01107446	 0.006891366	 -1.607004	 0.1201315
651	palmitoyl dihydrosphingomyelin (d18:0/16:0)* [cell]	 -0.303318	 0.2770166	 -1.094945	 0.2828704	 0.009847986	 0.006855504	 1.436508	 0.161938
652	palmitoyl sphingomyelin (d18:1/16:0) [cell]	 -0.7121211	 0.2263195	 -3.14653	 0.003897008	 0.02312082	 0.00560087	 4.128076	 0.0002977989
653	palmitoylcarnitine [cell]	 -0.1765137	 0.2836872	 -0.6222124	 0.5388365	 0.005730964	 0.007020584	 0.8163087	 0.4212145
654	pantothenate [cell]	 -0.4170284	 0.2677742	 -1.557388	 0.1306106	 0.01353988	 0.006626776	 2.043208	 0.05054543
655	penicillin G [cell]	 -0.05160888	 0.2867577	 -0.1799738	 0.8584693	 0.001675613	 0.007096572	 0.2361158	 0.8150615
656	phenol red [cell]	 -0.113446	 0.2856616	 -0.3971342	 0.6942796	 0.003683312	 0.007069446	 0.5210184	 0.6064504
657	phenol sulfate [cell]	 -0.3748744	 0.2974777	 -1.260177	 0.2197214	 0.01157569	 0.007072016	 1.636831	 0.1147133
658	phenylacetylglycine [cell]	 -1.016741	 0.1372839	 -7.406116	 4.581413e-08	 0.03301106	 0.003397451	 9.71642	 1.809336e-10
659	phenylalanine [cell]	 -0.7074249	 0.227223	 -3.11335	 0.004235685	 0.02296834	 0.00562323	 4.084546	 0.0003348389
660	phosphate [cell]	 0.02801182	 0.286959	 0.0976161	 0.9229326	 -0.0009094746	 0.007101553	 -0.128067	 0.8990114
661	phosphoenolpyruvate (PEP) [cell]	 -0.9605618	 0.1602351	 -5.994703	 1.856327e-06	 0.03118707	 0.003965437	 7.864724	 1.445199e-08
662	phosphoethanolamine [cell]	 -0.2703669	 0.2791062	 -0.9686886	 0.3409942	 0.008778148	 0.006907214	 1.270867	 0.2142337
663	pipecolate [cell]	 -0.2515675	 0.408646	 -0.6156124	 0.5463047	 0.006808808	 0.009099844	 0.7482334	 0.4645458
664	piperidine [cell]	 -0.1197517	 0.2855034	 -0.4194405	 0.678095	 0.003888041	 0.00706553	 0.550283	 0.5864889
665	proline [cell]	 -0.8878062	 0.1842333	 -4.818924	 4.550083e-05	 0.02882488	 0.004559336	 6.322165	 7.725473e-07
666	propionylcarnitine [cell]	 -1.002895	 0.1434078	 -6.993312	 1.323032e-07	 0.03256153	 0.003549001	 9.174843	 6.218131e-10
667	pterin [cell]	 -0.6655679	 0.316712	 -2.101493	 0.0491688	 0.0203153	 0.007699098	 2.63866	 0.01618986
668	putrescine [cell]	 -0.5777207	 0.2487507	 -2.322489	 0.02769784	 0.01875717	 0.006155989	 3.046979	 0.004999378
669	pyridoxal [cell]	 -1.064704	 0.2202284	 -4.834545	 7.87068e-05	 0.02985152	 0.00500433	 5.965139	 5.286259e-06
670	pyridoxal phosphate [cell]	 -1.101125	 0.1881332	 -5.852902	 5.777858e-06	 0.03178767	 0.004358486	 7.293283	 2.018678e-07
671	pyridoxamine [cell]	 -0.6341805	 0.2401475	 -2.640796	 0.01337421	 0.02059028	 0.005943079	 3.46458	 0.001728354
672	pyridoxamine phosphate [cell]	 -0.6386072	 0.3586896	 -1.780389	 0.09189807	 0.01735346	 0.008006146	 2.167517	 0.04385004
673	pyridoxine (Vitamin B6) [cell]	 -0.3753712	 0.2715367	 -1.382396	 0.1777784	 0.01218738	 0.006719887	 1.813628	 0.08046705
674	pyroglutamine* [cell]	 -0.8135621	 0.2042224	 -3.983707	 0.0004389627	 0.02641435	 0.005054018	 5.226407	 1.493717e-05
675	pyruvate [cell]	 -1.081135	 0.1026775	 -10.52942	 3.044702e-11	 0.03510177	 0.002541024	 13.81403	 5.022319e-14
676	ribitol [cell]	 -0.9763357	 0.1528051	 -6.389418	 7.633435e-07	 0.03145971	 0.003740058	 8.411556	 5.051927e-09
677	ribonate [cell]	 -0.9115006	 0.1769779	 -5.150364	 1.838605e-05	 0.02959417	 0.004379782	 6.756997	 2.449411e-07
678	S-1-pyrroline-5-carboxylate [cell]	 -0.6808668	 0.2881777	 -2.362663	 0.02787189	 0.02060518	 0.006848894	 3.008541	 0.00668991
679	S-adenosylhomocysteine (SAH) [cell]	 -0.8279403	 0.2176863	 -3.803363	 0.0007428414	 0.02598514	 0.005296672	 4.905937	 3.921598e-05
680	S-adenosylmethionine (SAM) [cell]	 -0.9206199	 0.20687	 -4.450234	 0.0001549375	 0.02837527	 0.00497524	 5.703297	 6.117834e-06
681	S-lactoylglutathione [cell]	 -0.5203371	 0.2564181	 -2.029252	 0.05203559	 0.01689406	 0.00634574	 2.662268	 0.01271462
682	S-methylglutathione [cell]	 -0.8471158	 0.2069175	 -4.093979	 0.0003657489	 0.02707676	 0.005067698	 5.343009	 1.362206e-05
683	S-nitrosoglutathione (GSNO) [cell]	 -1.108735	 0.1671531	 -6.633048	 7.341213e-07	 0.03290765	 0.003944897	 8.341827	 1.493004e-08
684	salicylate [cell]	 0.0453892	 0.2868224	 0.1582485	 0.8753968	 -0.001473675	 0.007098172	 -0.2076134	 0.8370335
685	sedoheptulose-7-phosphate [cell]	 -0.5170686	 0.2551746	 -2.026333	 0.05310391	 0.01800736	 0.00662847	 2.71667	 0.01157074
686	serine [cell]	 -0.1070938	 0.2858123	 -0.3746998	 0.7107068	 0.003477072	 0.007073176	 0.4915856	 0.626844
687	serotonin [cell]	 -0.7635988	 0.2886349	 -2.645553	 0.01512453	 0.02147038	 0.006494578	 3.305893	 0.003363224
688	spermidine [cell]	 -0.5524251	 0.2522583	 -2.189919	 0.03702309	 0.01793588	 0.006242793	 2.873054	 0.00767075
689	spermine [cell]	 -0.5581278	 0.2494148	 -2.237749	 0.03368625	 0.01847683	 0.006216642	 2.972157	 0.006150906
690	sphinganine [cell]	 -0.6137728	 0.2433852	 -2.521816	 0.017643	 0.01992769	 0.006023205	 3.308486	 0.00258378
691	sphingomyelin (d18:1/14:0, d16:1/16:0)* [cell]	 -0.8242411	 0.2015729	 -4.089047	 0.000330807	 0.02676107	 0.00498845	 5.364607	 1.024403e-05
692	sphingomyelin (d18:1/15:0, d16:1/17:0)* [cell]	 -0.8063211	 0.2059801	 -3.914558	 0.0005281492	 0.02617926	 0.005097518	 5.135686	 1.913853e-05
693	sphingomyelin (d18:1/17:0, d17:1/18:0, d19:1/16:0) [cell]	 -0.630557	 0.2407333	 -2.619318	 0.01406576	 0.02047263	 0.005957577	 3.436402	 0.001859219
694	sphingomyelin (d18:1/18:1, d18:2/18:0) [cell]	 -0.6405565	 0.239105	 -2.678976	 0.0122225	 0.02079729	 0.00591728	 3.514671	 0.001517426
695	sphingomyelin (d18:1/20:0, d16:1/22:0)* [cell]	 -0.06258779	 0.2949686	 -0.2121846	 0.8336177	 0.002023624	 0.007231945	 0.2798174	 0.7818318
696	sphingomyelin (d18:1/20:1, d18:2/20:0)* [cell]	 -0.1239732	 0.2872885	 -0.4315288	 0.6696412	 0.004317476	 0.007462667	 0.5785432	 0.5678757
697	sphingomyelin (d18:1/22:1, d18:2/22:0, d16:1/24:1)* [cell]	 -0.01521528	 0.2873072	 -0.05295824	 0.9581551	 0.0005037023	 0.007161106	 0.07033862	 0.9444425
698	sphingomyelin (d18:1/24:1, d18:2/24:0)* [cell]	 -0.1126617	 0.2856807	 -0.3943624	 0.6963012	 0.003657848	 0.007069919	 0.5173819	 0.6089531
699	sphingomyelin (d18:2/16:0, d18:1/16:1)* [cell]	 -0.8901368	 0.1835407	 -4.849806	 4.18173e-05	 0.02890055	 0.004542196	 6.362681	 6.935906e-07
700	sphingomyelin (d18:2/24:1, d18:1/24:2)* [cell]	 -5.796415e-05	 0.287043	 -0.0002019354	 0.9998403	 1.881953e-06	 0.007103633	 0.0002649282	 0.9997905
701	sphingosine [cell]	 -0.7367819	 0.2214138	 -3.327624	 0.002460232	 0.02392149	 0.005479465	 4.365661	 0.0001565719
702	stachydrine [cell]	 -0.163499	 0.284278	 -0.5751376	 0.5699605	 0.005412637	 0.007085603	 0.7638922	 0.4515558
703	stearoyl ethanolamide [cell]	 -0.1600138	 0.2842882	 -0.5628579	 0.5780112	 0.005195254	 0.007035457	 0.7384388	 0.4663928
704	stearoyl sphingomyelin (d18:1/18:0) [cell]	 -0.4082748	 0.2686022	 -1.519998	 0.1397243	 0.01325568	 0.006647266	 1.994155	 0.05595556
705	stearoylcarnitine [cell]	 -0.3472422	 0.2738278	 -1.268104	 0.215204	 0.0112741	 0.006776587	 1.663684	 0.10733
706	succinate [cell]	 -0.8726908	 0.1886205	 -4.626701	 7.692067e-05	 0.02833412	 0.00466791	 6.069979	 1.516318e-06
707	succinylcarnitine [cell]	 -0.8554435	 0.1934164	 -4.422808	 0.0001340532	 0.02777414	 0.004786596	 5.802483	 3.117822e-06
708	sulfate* [cell]	 -0.198246	 0.2953819	 -0.6711513	 0.5080434	 0.006336629	 0.007234317	 0.8759126	 0.3890984
709	taurine [cell]	 -1.067083	 0.1113476	 -9.583348	 2.441822e-10	 0.03464554	 0.002755588	 12.57283	 4.919404e-13
710	thiamin (Vitamin B1) [cell]	 -0.7609997	 0.2163199	 -3.517936	 0.00150458	 0.02470778	 0.005353405	 4.61534	 7.93425e-05
711	thiamin diphosphate [cell]	 -0.9363946	 0.1886684	 -4.963178	 3.362358e-05	 0.02938901	 0.004590616	 6.401976	 7.388344e-07
712	thioproline [cell]	 -0.4152147	 0.2679474	 -1.549612	 0.1324648	 0.013481	 0.006631062	 2.033007	 0.0516309
713	threonine [cell]	 -0.7177719	 0.2252195	 -3.186988	 0.003519033	 0.02330428	 0.005573647	 4.181155	 0.0002580656
714	tiglylcarnitine [cell]	 -0.5998228	 0.2455138	 -2.443132	 0.02112377	 0.01947477	 0.006075884	 3.205256	 0.003360123
715	trans-4-hydroxyproline [cell]	 -0.6534007	 0.2369589	 -2.757443	 0.01014038	 0.02121431	 0.005864171	 3.617614	 0.001159468
716	tricosanoyl sphingomyelin (d18:1/23:0)* [cell]	 -0.2481675	 0.4328102	 -0.5733865	 0.5748795	 0.006490536	 0.009303982	 0.6976084	 0.496094
717	tricosenoate (23:1) [cell]	 -1.704102	 0.3157261	 -5.397405	 0.0001216814	 0.03570046	 0.005949125	 6.000959	 4.439063e-05
718	trigonelline (N'-methylnicotinate) [cell]	 -0.2121382	 0.2821831	 -0.751775	 0.4584594	 0.006887605	 0.006983362	 0.9862879	 0.3324385
719	trizma acetate [cell]	 0.4654478	 0.262839	 1.770847	 0.08877975	 -0.01716816	 0.007167152	 -2.395394	 0.02441308
720	tryptophan [cell]	 -0.7273189	 0.2233288	 -3.256718	 0.002948624	 0.02361425	 0.005526857	 4.272637	 0.0002015013
721	tyrosine [cell]	 -0.8506972	 0.194699	 -4.369295	 0.0001550348	 0.02762004	 0.004818337	 5.732276	 3.770293e-06
722	UDP-galactose [cell]	 -0.7250558	 0.2661786	 -2.723945	 0.01239341	 0.02259914	 0.006454198	 3.501464	 0.002017001
723	UDP-glucose [cell]	 -0.6813405	 0.2567579	 -2.65363	 0.01340175	 0.02087257	 0.006144965	 3.396696	 0.002203069
724	UDP-glucuronate [cell]	 -0.9826715	 0.1517702	 -6.474731	 5.151849e-07	 0.03190492	 0.003755953	 8.494494	 3.096971e-09
725	UDP-N-acetylglucosamine [cell]	 -0.8497706	 0.1949476	 -4.35897	 0.0001594424	 0.02758995	 0.004824489	 5.718731	 3.911218e-06
726	urate [cell]	 -0.8111859	 0.2048026	 -3.960819	 0.0004667083	 0.02633721	 0.005068377	 5.196379	 1.621394e-05
727	uridine [cell]	 -0.8008394	 0.2072905	 -3.863367	 0.0006054058	 0.02600128	 0.005129948	 5.068526	 2.299506e-05
728	uridine 5'-diphosphate (UDP) [cell]	 -1.076995	 0.1053177	 -10.22616	 5.861162e-11	 0.03496738	 0.002606362	 13.41616	 1.026063e-13
729	uridine 5'-monophosphate (UMP) [cell]	 -0.8392793	 0.2573788	 -3.260872	 0.003578923	 0.02420998	 0.005885091	 4.113782	 0.0004569584
730	uridine 5'-triphosphate (UTP) [cell]	 -1.071379	 0.1087817	 -9.848891	 1.345563e-10	 0.03478504	 0.002692089	 12.92121	 2.551549e-13
731	valine [cell]	 -0.8597501	 0.192239	 -4.472299	 0.0001171671	 0.02791397	 0.004757458	 5.867412	 2.616112e-06
732	xanthine [cell]	 0.2191699	 0.3382709	 0.6479123	 0.5247946	 -0.006689778	 0.007850305	 -0.8521679	 0.4047349
733	xanthosine [cell]	 -0.2813247	 0.3415144	 -0.8237564	 0.4202985	 0.008415695	 0.007877639	 1.068302	 0.2987703
734	X - 11381 [cell]	 -0.9906345	 0.1720106	 -5.759147	 5.307671e-06	 0.03088583	 0.004141307	 7.457991	 8.238834e-08
735	X - 12015 [cell]	 -0.7485569	 0.2189725	 -3.418498	 0.001947296	 0.0243038	 0.005419048	 4.484883	 0.0001132214
736	X - 12688 [cell]	 -0.7740628	 0.2295782	 -3.371674	 0.002268308	 0.02429418	 0.005586021	 4.349103	 0.0001747937
737	X - 12748 [cell]	 -0.9575495	 0.1613396	 -5.934995	 2.180129e-06	 0.03108927	 0.003992771	 7.78639	 1.756707e-08
738	X - 14056 [cell]	 -0.7021847	 0.22822	 -3.076789	 0.004641407	 0.02279821	 0.005647903	 4.036579	 0.0003809215
739	X - 14568 [cell]	 0.08358825	 0.2862939	 0.2919666	 0.7724646	 -0.002713904	 0.007085094	 -0.3830442	 0.7045797
740	X - 15220 [cell]	 -0.1000471	 0.2859692	 -0.3498526	 0.7290673	 0.003248282	 0.007077059	 0.4589875	 0.6497865
741	X - 15245 [cell]	 -1.690203	 0.2730219	 -6.190722	 1.294841e-05	 0.03746754	 0.00541822	 6.915102	 3.478472e-06
742	X - 17677 [cell]	 -4.715615	 0.4188262	 -11.25912	 1.322552e-06	 0.07719012	 0.006728265	 11.47251	 1.128172e-06
743	X - 18779 [cell]	 -0.1232068	 0.285413	 -0.4316789	 0.6692807	 0.004000219	 0.007063293	 0.5663392	 0.5756749
744	X - 21343 [cell]	 0.3003602	 0.2784874	 1.078541	 0.291974	 -0.01180661	 0.007820212	 -1.509756	 0.1447224
745	X - 21365 [cell]	 -0.8940066	 0.1823808	 -4.901867	 3.626926e-05	 0.02902619	 0.004513492	 6.430982	 5.785247e-07
746	X - 21891 [cell]	 -0.1547694	 0.3127636	 -0.4948448	 0.6254038	 0.005024981	 0.007740155	 0.6492094	 0.5226338
747	X - 22768 [cell]	 -0.6848372	 0.2314378	 -2.959055	 0.006214647	 0.02223497	 0.005727536	 3.882119	 0.0005758986
748	X - 22770 [cell]	 -0.8642152	 0.1910043	 -4.524586	 0.0001016173	 0.02805894	 0.004726902	 5.936009	 2.174177e-06
749	X - 22776 [cell]	 0.3699898	 0.2719903	 1.360305	 0.184585	 -0.01201266	 0.006731114	 -1.784646	 0.08515875
750	X - 24020 [cell]	 -0.8867751	 0.1845383	 -4.805371	 4.721802e-05	 0.0287914	 0.004566885	 6.304385	 8.100171e-07
751	X - 24054 [cell]	 -0.6256763	 0.2732041	 -2.290142	 0.03110127	 0.01909341	 0.006487906	 2.942923	 0.007104166
752	X - 24061 [cell]	 -0.04328514	 0.2868423	 -0.1509022	 0.8811348	 0.001405362	 0.007098666	 0.1979755	 0.8444946
753	X - 24097 [cell]	 -0.9744535	 0.1549932	 -6.287074	 8.482655e-07	 0.0316381	 0.003835713	 8.248298	 5.620691e-09
754	X - 24241 [cell]	 -0.8499861	 0.2166867	 -3.922649	 0.0006041685	 0.02650072	 0.005216923	 5.07976	 3.032494e-05
755	X - 24435 [cell]	 -0.3440468	 0.2864801	 -1.200945	 0.2405994	 0.01099693	 0.007016297	 1.567341	 0.1291265
756	X - 24803 [cell]	 -0.8513109	 0.194534	 -4.376155	 0.000152173	 0.02763997	 0.004814254	 5.741277	 3.679491e-06
757	X - 24804 [cell]	 -1.049144	 0.1213747	 -8.643845	 2.165691e-09	 0.03406313	 0.003003736	 11.34025	 5.587723e-12
758	X - 24806 [cell]	 -1.009968	 0.1403235	 -7.197421	 7.81176e-08	 0.03279115	 0.003472674	 9.442623	 3.361129e-10
759	X - 24831 [cell]	 -0.5215041	 0.2562724	 -2.03496	 0.05142149	 0.01693195	 0.006342132	 2.669757	 0.01249181
